,train_scores_1,valid_scores_1,train_scores_2,valid_scores_2,train_scores_3,valid_scores_3
0,{'mean_absolute_error': 1.3440151480047955},{'mean_absolute_error': 1.4003558574908832},{'mean_absolute_error': 1.3834157164515704},{'mean_absolute_error': 1.3204506873532322},{'mean_absolute_error': 1.3682349558480742},{'mean_absolute_error': 1.3526178581914303}
1,{'mean_absolute_error': 1.3650593079751148},{'mean_absolute_error': 1.422792886519665},{'mean_absolute_error': 1.3810266732282748},{'mean_absolute_error': 1.318359248868052},{'mean_absolute_error': 1.3494326955131297},{'mean_absolute_error': 1.3187733936911281}
2,{'mean_absolute_error': 1.340759246348627},{'mean_absolute_error': 1.3974630904221894},{'mean_absolute_error': 1.4041888772232165},{'mean_absolute_error': 1.3376407261597818},{'mean_absolute_error': 1.3784183068434157},{'mean_absolute_error': 1.3685372963901177}
3,{'mean_absolute_error': 1.309895455699049},{'mean_absolute_error': 1.3655740603616677},{'mean_absolute_error': 1.4315365983919361},{'mean_absolute_error': 1.3640723136144766},{'mean_absolute_error': 1.332931304741929},{'mean_absolute_error': 1.2973192324567795}
4,{'mean_absolute_error': 1.1202905713084508},{'mean_absolute_error': 1.1775226783045054},{'mean_absolute_error': 1.1896517865726524},{'mean_absolute_error': 1.1278575121150693},{'mean_absolute_error': 1.1745889930190134},{'mean_absolute_error': 1.1550710044325707}
5,{'mean_absolute_error': 1.0357146334732297},{'mean_absolute_error': 1.1113426820723582},{'mean_absolute_error': 1.1078140891345631},{'mean_absolute_error': 1.0670970447457593},{'mean_absolute_error': 1.1054145398083697},{'mean_absolute_error': 1.09598684704697}
6,{'mean_absolute_error': 1.0121784607276334},{'mean_absolute_error': 1.1002744799569217},{'mean_absolute_error': 1.0777187388119123},{'mean_absolute_error': 1.0367604212446195},{'mean_absolute_error': 1.0975808677407766},{'mean_absolute_error': 1.131900921335875}
7,{'mean_absolute_error': 1.0161342653084264},{'mean_absolute_error': 1.1014090158438994},{'mean_absolute_error': 1.1626126235604644},{'mean_absolute_error': 1.1536055575294988},{'mean_absolute_error': 1.0417778421538635},{'mean_absolute_error': 1.0843850573155303}
8,{'mean_absolute_error': 1.0383743597327477},{'mean_absolute_error': 1.1335495642652913},{'mean_absolute_error': 1.047163255218072},{'mean_absolute_error': 1.0354407372289902},{'mean_absolute_error': 1.0714674002208726},{'mean_absolute_error': 1.1132953315165468}
9,{'mean_absolute_error': 1.0286134008229029},{'mean_absolute_error': 1.1165244235454954},{'mean_absolute_error': 1.0309521583726386},{'mean_absolute_error': 1.0300145790797148},{'mean_absolute_error': 1.0526253788077113},{'mean_absolute_error': 1.0860006642520075}
10,{'mean_absolute_error': 1.0127956091519155},{'mean_absolute_error': 1.1119848596165858},{'mean_absolute_error': 1.1668495356693587},{'mean_absolute_error': 1.1774993704996242},{'mean_absolute_error': 1.0210500092675951},{'mean_absolute_error': 1.0400306211410768}
11,{'mean_absolute_error': 0.9862604660730582},{'mean_absolute_error': 1.0836020829620086},{'mean_absolute_error': 1.036725929145192},{'mean_absolute_error': 1.010219461871508},{'mean_absolute_error': 1.1743709742125603},{'mean_absolute_error': 1.1886010232200055}
12,{'mean_absolute_error': 0.9924320576493576},{'mean_absolute_error': 1.0982584271775135},{'mean_absolute_error': 1.008719486168887},{'mean_absolute_error': 1.0094191694323043},{'mean_absolute_error': 1.0367390786498072},{'mean_absolute_error': 1.0869984606245449}
13,{'mean_absolute_error': 0.9812030086442591},{'mean_absolute_error': 1.0888666795177635},{'mean_absolute_error': 0.9957959423113073},{'mean_absolute_error': 0.997482479669531},{'mean_absolute_error': 1.1699934660964768},{'mean_absolute_error': 1.232558207425537}
14,{'mean_absolute_error': 1.0354393271356372},{'mean_absolute_error': 1.1439409890826047},{'mean_absolute_error': 1.01585852944347},{'mean_absolute_error': 1.0251613210203385},{'mean_absolute_error': 1.0293002908256248},{'mean_absolute_error': 1.0849194599697698}
15,{'mean_absolute_error': 1.0930148453421644},{'mean_absolute_error': 1.1995854812859783},{'mean_absolute_error': 1.0518727688459788},{'mean_absolute_error': 1.0893215316183953},{'mean_absolute_error': 1.0302527033605036},{'mean_absolute_error': 1.0701723150793097}
16,{'mean_absolute_error': 1.0512883214952957},{'mean_absolute_error': 1.1625870386607184},{'mean_absolute_error': 1.0018771964334585},{'mean_absolute_error': 1.0289535385421396},{'mean_absolute_error': 0.9998922982100803},{'mean_absolute_error': 1.0430695284300642}
17,{'mean_absolute_error': 0.9675207303812452},{'mean_absolute_error': 1.0886179784309065},{'mean_absolute_error': 0.9893525591297776},{'mean_absolute_error': 0.9988493149346017},{'mean_absolute_error': 0.9805534766766286},{'mean_absolute_error': 1.0480441215296419}
18,{'mean_absolute_error': 1.0443284137492592},{'mean_absolute_error': 1.1662053008696864},{'mean_absolute_error': 0.9911437052594654},{'mean_absolute_error': 1.039591515884166},{'mean_absolute_error': 0.9700477065782902},{'mean_absolute_error': 1.0426645226770275}
19,{'mean_absolute_error': 0.9603534703391272},{'mean_absolute_error': 1.1013089260586966},{'mean_absolute_error': 0.9776566408390269},{'mean_absolute_error': 1.0038056693363457},{'mean_absolute_error': 0.9989409144531934},{'mean_absolute_error': 1.0786196815859055}
20,{'mean_absolute_error': 0.9835853859111193},{'mean_absolute_error': 1.1211001589214693},{'mean_absolute_error': 1.0273241157496116},{'mean_absolute_error': 1.108475238669002},{'mean_absolute_error': 1.0056944123471896},{'mean_absolute_error': 1.1185671563037614}
21,{'mean_absolute_error': 1.013311172207271},{'mean_absolute_error': 1.1637424634615359},{'mean_absolute_error': 0.9710784763294157},{'mean_absolute_error': 1.0219423297540513},{'mean_absolute_error': 0.9831698965254733},{'mean_absolute_error': 1.0955799226469125}
22,{'mean_absolute_error': 0.9781484799824236},{'mean_absolute_error': 1.1356674776639069},{'mean_absolute_error': 0.9818271590896743},{'mean_absolute_error': 1.0615464787635243},{'mean_absolute_error': 1.0125266092285792},{'mean_absolute_error': 1.1144032395091288}
23,{'mean_absolute_error': 0.9745028242977168},{'mean_absolute_error': 1.1489920689398807},{'mean_absolute_error': 0.974690221961705},{'mean_absolute_error': 1.044365303353083},{'mean_absolute_error': 0.9559279668265454},{'mean_absolute_error': 1.08965079749988}
24,{'mean_absolute_error': 0.9457287831698235},{'mean_absolute_error': 1.1312729122848872},{'mean_absolute_error': 0.9699006704831691},{'mean_absolute_error': 1.033123637462952},{'mean_absolute_error': 0.9504080812061402},{'mean_absolute_error': 1.0509089213085536}
25,{'mean_absolute_error': 0.974894954055114},{'mean_absolute_error': 1.1397029310058875},{'mean_absolute_error': 0.9589468995567643},{'mean_absolute_error': 1.0750632993877012},{'mean_absolute_error': 0.9484143828421339},{'mean_absolute_error': 1.034094783976611}
26,{'mean_absolute_error': 0.9594545830192736},{'mean_absolute_error': 1.1686639161324328},{'mean_absolute_error': 0.982581391242498},{'mean_absolute_error': 1.098813621296541},{'mean_absolute_error': 0.9696711132408061},{'mean_absolute_error': 1.0445492993296641}
27,{'mean_absolute_error': 0.9595594195444351},{'mean_absolute_error': 1.1473261012331906},{'mean_absolute_error': 0.9424581896816787},{'mean_absolute_error': 1.023657959221819},{'mean_absolute_error': 0.9439737035247717},{'mean_absolute_error': 1.0719830032767388}
28,{'mean_absolute_error': 0.9397716062532682},{'mean_absolute_error': 1.1470584380853661},{'mean_absolute_error': 0.9272646128444862},{'mean_absolute_error': 1.0595150958358226},{'mean_absolute_error': 0.9868505588266804},{'mean_absolute_error': 1.0822145698210135}
29,{'mean_absolute_error': 0.9395698583378614},{'mean_absolute_error': 1.148565273835211},{'mean_absolute_error': 0.9339590356897184},{'mean_absolute_error': 1.0451176822213961},{'mean_absolute_error': 0.9213826575953403},{'mean_absolute_error': 1.0697026658020705}
30,{'mean_absolute_error': 0.8970477940426195},{'mean_absolute_error': 1.113642124183769},{'mean_absolute_error': 0.9409553006377764},{'mean_absolute_error': 1.0884042677234016},{'mean_absolute_error': 1.0582123087572783},{'mean_absolute_error': 1.1709627934978062}
31,{'mean_absolute_error': 0.9757223425026487},{'mean_absolute_error': 1.2229847648300092},{'mean_absolute_error': 0.919994950201463},{'mean_absolute_error': 1.0875883917998173},{'mean_absolute_error': 0.9710213753260222},{'mean_absolute_error': 1.1959736742312066}
32,{'mean_absolute_error': 0.9139646236768558},{'mean_absolute_error': 1.1313541274858443},{'mean_absolute_error': 0.9177170455000419},{'mean_absolute_error': 1.0467735089928196},{'mean_absolute_error': 0.9131911307049353},{'mean_absolute_error': 1.0665892341878171}
33,{'mean_absolute_error': 0.8809312372883223},{'mean_absolute_error': 1.097510112545313},{'mean_absolute_error': 0.8792431290121323},{'mean_absolute_error': 1.0695904984421518},{'mean_absolute_error': 0.8670483219323654},{'mean_absolute_error': 1.0731201638453969}
34,{'mean_absolute_error': 0.8825372363914141},{'mean_absolute_error': 1.1332172600192103},{'mean_absolute_error': 0.8842520233591237},{'mean_absolute_error': 1.089059251712821},{'mean_absolute_error': 0.9307154522080822},{'mean_absolute_error': 1.1878032896147392}
35,{'mean_absolute_error': 0.9152779288489499},{'mean_absolute_error': 1.1989468396122709},{'mean_absolute_error': 0.874603469252639},{'mean_absolute_error': 1.0823457924454873},{'mean_absolute_error': 1.0099534927508875},{'mean_absolute_error': 1.2099157591956218}
36,{'mean_absolute_error': 0.8830034939304751},{'mean_absolute_error': 1.096430570325636},{'mean_absolute_error': 0.8457625949435782},{'mean_absolute_error': 1.0871081183670863},{'mean_absolute_error': 0.9047290478656856},{'mean_absolute_error': 1.099439339563377}
37,{'mean_absolute_error': 0.849887647199969},{'mean_absolute_error': 1.1481887362148717},{'mean_absolute_error': 0.8408082501885312},{'mean_absolute_error': 1.0524792957248275},{'mean_absolute_error': 0.8647165227774309},{'mean_absolute_error': 1.0511403909105643}
38,{'mean_absolute_error': 0.8199063563333606},{'mean_absolute_error': 1.1351629854795642},{'mean_absolute_error': 0.838932992184858},{'mean_absolute_error': 1.0910843351336426},{'mean_absolute_error': 0.8609403692560419},{'mean_absolute_error': 1.1422463655307704}
39,{'mean_absolute_error': 0.8300967398176278},{'mean_absolute_error': 1.1172836521033096},{'mean_absolute_error': 0.8176450593409613},{'mean_absolute_error': 1.1260299734729788},{'mean_absolute_error': 0.8485947400534728},{'mean_absolute_error': 1.155976820971559}
40,{'mean_absolute_error': 0.9016420280680499},{'mean_absolute_error': 1.2323321650969545},{'mean_absolute_error': 0.8437537622487307},{'mean_absolute_error': 1.1182453080481727},{'mean_absolute_error': 0.8422161984806675},{'mean_absolute_error': 1.1163616345385348}
41,{'mean_absolute_error': 0.8350286116807727},{'mean_absolute_error': 1.1419746869886693},{'mean_absolute_error': 0.8214795006842637},{'mean_absolute_error': 1.1397048886765384},{'mean_absolute_error': 0.8203869180778945},{'mean_absolute_error': 1.1415023864694662}
42,{'mean_absolute_error': 0.8220845800434863},{'mean_absolute_error': 1.1624368178213917},{'mean_absolute_error': 0.7776312615747994},{'mean_absolute_error': 1.0887189869988096},{'mean_absolute_error': 0.7859411048416669},{'mean_absolute_error': 1.1338165518869896}
43,{'mean_absolute_error': 0.8379828014732223},{'mean_absolute_error': 1.1663768599250375},{'mean_absolute_error': 0.8191740126547836},{'mean_absolute_error': 1.1323174957788806},{'mean_absolute_error': 0.7904253181571849},{'mean_absolute_error': 1.1127437884646072}
44,{'mean_absolute_error': 0.8215144385386848},{'mean_absolute_error': 1.1407688964022373},{'mean_absolute_error': 0.8183476737550806},{'mean_absolute_error': 1.194410738030926},{'mean_absolute_error': 0.7860144684134637},{'mean_absolute_error': 1.0759084916103872}
45,{'mean_absolute_error': 0.7495450668445124},{'mean_absolute_error': 1.1300481541148641},{'mean_absolute_error': 0.7835952877455536},{'mean_absolute_error': 1.146865645214731},{'mean_absolute_error': 0.7796680201323708},{'mean_absolute_error': 1.0887374523873485}
46,{'mean_absolute_error': 0.7257948008871286},{'mean_absolute_error': 1.1093982708788739},{'mean_absolute_error': 0.7391259718770204},{'mean_absolute_error': 1.0752235385872824},{'mean_absolute_error': 0.7416124875326278},{'mean_absolute_error': 1.1212302604722066}
47,{'mean_absolute_error': 0.7149990167093003},{'mean_absolute_error': 1.1445853014257186},{'mean_absolute_error': 0.7411424294065322},{'mean_absolute_error': 1.1640130677882685},{'mean_absolute_error': 0.7116986536696306},{'mean_absolute_error': 1.1457520868879838}
48,{'mean_absolute_error': 0.6921793793934296},{'mean_absolute_error': 1.151500390717531},{'mean_absolute_error': 0.7174043229140932},{'mean_absolute_error': 1.0752562960103855},{'mean_absolute_error': 0.7024188028047287},{'mean_absolute_error': 1.1693092656173658}
49,{'mean_absolute_error': 0.6952726238644855},{'mean_absolute_error': 1.1197507154723794},{'mean_absolute_error': 0.692723646053656},{'mean_absolute_error': 1.1104796818526268},{'mean_absolute_error': 0.6756872558463856},{'mean_absolute_error': 1.1344691148231123}
50,{'mean_absolute_error': 0.69762342698312},{'mean_absolute_error': 1.2008215286633868},{'mean_absolute_error': 0.6857407895450242},{'mean_absolute_error': 1.1563168556302026},{'mean_absolute_error': 0.6671929546321395},{'mean_absolute_error': 1.1372436976875024}
51,{'mean_absolute_error': 0.6624766116231859},{'mean_absolute_error': 1.1815136004114961},{'mean_absolute_error': 0.6813630263905693},{'mean_absolute_error': 1.1215928382727005},{'mean_absolute_error': 0.6455426235321661},{'mean_absolute_error': 1.151997830603193}
52,{'mean_absolute_error': 0.62979454343099},{'mean_absolute_error': 1.1500277053225998},{'mean_absolute_error': 0.68188788311479},{'mean_absolute_error': 1.142962291483483},{'mean_absolute_error': 0.6177481379764711},{'mean_absolute_error': 1.1149894185042166}
53,{'mean_absolute_error': 0.6111356071902769},{'mean_absolute_error': 1.171846436423863},{'mean_absolute_error': 0.6298955095037545},{'mean_absolute_error': 1.1049415095748492},{'mean_absolute_error': 0.6149444733733374},{'mean_absolute_error': 1.16568250873222}
54,{'mean_absolute_error': 0.6095696899280155},{'mean_absolute_error': 1.16065959965435},{'mean_absolute_error': 0.6594605882335488},{'mean_absolute_error': 1.1905873597580963},{'mean_absolute_error': 0.6590610566239355},{'mean_absolute_error': 1.152238845070222}
55,{'mean_absolute_error': 0.6356329526558122},{'mean_absolute_error': 1.191312675831443},{'mean_absolute_error': 0.6547129910454587},{'mean_absolute_error': 1.1721927461206505},{'mean_absolute_error': 0.656452947613449},{'mean_absolute_error': 1.1787486409106491}
56,{'mean_absolute_error': 0.5690932849649737},{'mean_absolute_error': 1.1493523983336869},{'mean_absolute_error': 0.6103214181634458},{'mean_absolute_error': 1.1729716551288314},{'mean_absolute_error': 0.6305070590706464},{'mean_absolute_error': 1.1644680464389625}
57,{'mean_absolute_error': 0.5669812959169057},{'mean_absolute_error': 1.1638721140425787},{'mean_absolute_error': 0.621061101810715},{'mean_absolute_error': 1.1609108968401685},{'mean_absolute_error': 0.5825702183559965},{'mean_absolute_error': 1.1115384153577696}
58,{'mean_absolute_error': 0.6203157031096216},{'mean_absolute_error': 1.1680019756363362},{'mean_absolute_error': 0.593183195730677},{'mean_absolute_error': 1.0751308492305103},{'mean_absolute_error': 0.5765962489613106},{'mean_absolute_error': 1.1176550853223657}
59,{'mean_absolute_error': 0.5496233838352148},{'mean_absolute_error': 1.1942215316686808},{'mean_absolute_error': 0.5768754053554987},{'mean_absolute_error': 1.0993358739850674},{'mean_absolute_error': 0.5891328967904041},{'mean_absolute_error': 1.056788836751268}
60,{'mean_absolute_error': 0.5817378705101123},{'mean_absolute_error': 1.1751086201573586},{'mean_absolute_error': 0.6152466373489034},{'mean_absolute_error': 1.0652883115857092},{'mean_absolute_error': 0.5696530481741588},{'mean_absolute_error': 1.1293642546887144}
61,{'mean_absolute_error': 0.526097857593097},{'mean_absolute_error': 1.2039026757581768},{'mean_absolute_error': 0.6613133522914817},{'mean_absolute_error': 1.1996870752521485},{'mean_absolute_error': 0.5583311613524903},{'mean_absolute_error': 1.0867472837058516}
62,{'mean_absolute_error': 0.6034824281257042},{'mean_absolute_error': 1.2070456306379886},{'mean_absolute_error': 0.528085852949188},{'mean_absolute_error': 1.1711284016915227},{'mean_absolute_error': 0.5073856984137182},{'mean_absolute_error': 1.1804178469588373}
63,{'mean_absolute_error': 0.5308477538755232},{'mean_absolute_error': 1.1624070370962811},{'mean_absolute_error': 0.5293666343686161},{'mean_absolute_error': 1.1210215624695192},{'mean_absolute_error': 0.5119110279136956},{'mean_absolute_error': 1.1151501967348445}
64,{'mean_absolute_error': 0.4936676547665727},{'mean_absolute_error': 1.133510246029867},{'mean_absolute_error': 0.5619784914933803},{'mean_absolute_error': 1.1024969402543034},{'mean_absolute_error': 0.5268292269533859},{'mean_absolute_error': 1.1575173791417688}
65,{'mean_absolute_error': 0.4767727445146504},{'mean_absolute_error': 1.1505149608213165},{'mean_absolute_error': 0.5184873718240092},{'mean_absolute_error': 1.141190750932105},{'mean_absolute_error': 0.5118120479196917},{'mean_absolute_error': 1.0829197069040437}
66,{'mean_absolute_error': 0.48893416090023334},{'mean_absolute_error': 1.1552144257814643},{'mean_absolute_error': 0.5459261062338867},{'mean_absolute_error': 1.0458255500937097},{'mean_absolute_error': 0.545750024679217},{'mean_absolute_error': 1.2093355026061718}
67,{'mean_absolute_error': 0.4869274212931635},{'mean_absolute_error': 1.1736752736781093},{'mean_absolute_error': 0.49630364739965416},{'mean_absolute_error': 1.1633773950559771},{'mean_absolute_error': 0.4846377809000331},{'mean_absolute_error': 1.178375714538394}
68,{'mean_absolute_error': 0.46334316261104364},{'mean_absolute_error': 1.1753714599444973},{'mean_absolute_error': 0.47641933741814385},{'mean_absolute_error': 1.154427951093137},{'mean_absolute_error': 0.5228844645189495},{'mean_absolute_error': 1.1057431510029037}
69,{'mean_absolute_error': 0.5127223317247442},{'mean_absolute_error': 1.1397261905316707},{'mean_absolute_error': 0.4680320809508668},{'mean_absolute_error': 1.1406301354352082},{'mean_absolute_error': 0.510992989126249},{'mean_absolute_error': 1.1365601783819719}
70,{'mean_absolute_error': 0.5646409376106458},{'mean_absolute_error': 1.152317243728654},{'mean_absolute_error': 0.4642776409494899},{'mean_absolute_error': 1.0990006362782965},{'mean_absolute_error': 0.4605922878732671},{'mean_absolute_error': 1.1459821236468442}
71,{'mean_absolute_error': 0.5094289276512288},{'mean_absolute_error': 1.1173253160166576},{'mean_absolute_error': 0.46398498776649116},{'mean_absolute_error': 1.1463599092909729},{'mean_absolute_error': 0.5032749488319266},{'mean_absolute_error': 1.170601835573714}
72,{'mean_absolute_error': 0.4619803789046631},{'mean_absolute_error': 1.1624755185005833},{'mean_absolute_error': 0.4915991693036294},{'mean_absolute_error': 1.1305174350588265},{'mean_absolute_error': 0.45053069469715934},{'mean_absolute_error': 1.140290806102928}
73,{'mean_absolute_error': 0.42429889799254616},{'mean_absolute_error': 1.1681385267171545},{'mean_absolute_error': 0.5060479300487486},{'mean_absolute_error': 1.1029903599454425},{'mean_absolute_error': 0.40909415037778113},{'mean_absolute_error': 1.1470350628426704}
74,{'mean_absolute_error': 0.4096775861234006},{'mean_absolute_error': 1.1697487881350015},{'mean_absolute_error': 0.5058554102910079},{'mean_absolute_error': 1.1643660476514133},{'mean_absolute_error': 0.5383808923461676},{'mean_absolute_error': 1.1905517421844187}
75,{'mean_absolute_error': 0.47685145366964354},{'mean_absolute_error': 1.1434339593176202},{'mean_absolute_error': 0.45795465556283754},{'mean_absolute_error': 1.1369580859157364},{'mean_absolute_error': 0.4321084112166247},{'mean_absolute_error': 1.1668472136998986}
76,{'mean_absolute_error': 0.3982461787332103},{'mean_absolute_error': 1.161786761539987},{'mean_absolute_error': 0.472320695320106},{'mean_absolute_error': 1.134583440682762},{'mean_absolute_error': 0.39564150113803986},{'mean_absolute_error': 1.144285892152552}
77,{'mean_absolute_error': 0.4366933799639938},{'mean_absolute_error': 1.1848161021175474},{'mean_absolute_error': 0.4900249686480196},{'mean_absolute_error': 1.0670144353522775},{'mean_absolute_error': 0.3986477320256052},{'mean_absolute_error': 1.151067846783563}
78,{'mean_absolute_error': 0.4514507701468897},{'mean_absolute_error': 1.1986797287885846},{'mean_absolute_error': 0.4709932548210151},{'mean_absolute_error': 1.0749200543914423},{'mean_absolute_error': 0.4620741911288477},{'mean_absolute_error': 1.1077763870720716}
79,{'mean_absolute_error': 0.40540646389993185},{'mean_absolute_error': 1.1984793143424173},{'mean_absolute_error': 0.43745206566667794},{'mean_absolute_error': 1.115874157479842},{'mean_absolute_error': 0.42933632564171276},{'mean_absolute_error': 1.169265171335057}
80,{'mean_absolute_error': 0.361399486294558},{'mean_absolute_error': 1.1615988559758181},{'mean_absolute_error': 0.43087332675995854},{'mean_absolute_error': 1.115701668287321},{'mean_absolute_error': 0.41042196507102185},{'mean_absolute_error': 1.137937503408805}
81,{'mean_absolute_error': 0.37778241909996857},{'mean_absolute_error': 1.1476034473822965},{'mean_absolute_error': 0.40615986076478394},{'mean_absolute_error': 1.1110943917012113},{'mean_absolute_error': 0.42363429254867957},{'mean_absolute_error': 1.1219699369634057}
82,{'mean_absolute_error': 0.5895760553759264},{'mean_absolute_error': 1.277353209751427},{'mean_absolute_error': 0.4684237589353036},{'mean_absolute_error': 1.1547723497475495},{'mean_absolute_error': 0.41943583865549955},{'mean_absolute_error': 1.085705195279881}
83,{'mean_absolute_error': 0.35229338864171494},{'mean_absolute_error': 1.1703070538211149},{'mean_absolute_error': 0.4516574510853751},{'mean_absolute_error': 1.0821326337091206},{'mean_absolute_error': 0.3952155022038212},{'mean_absolute_error': 1.0958192935840672}
84,{'mean_absolute_error': 0.35647244628898783},{'mean_absolute_error': 1.1624152864088235},{'mean_absolute_error': 0.3920302843937706},{'mean_absolute_error': 1.093227446638587},{'mean_absolute_error': 0.47926812939528907},{'mean_absolute_error': 1.1270843318720887}
85,{'mean_absolute_error': 0.37864850726317606},{'mean_absolute_error': 1.1567704133679368},{'mean_absolute_error': 0.4148642626980629},{'mean_absolute_error': 1.107812639928227},{'mean_absolute_error': 0.37986645652554685},{'mean_absolute_error': 1.1316916691726502}
86,{'mean_absolute_error': 0.3604442886244755},{'mean_absolute_error': 1.1524316519936},{'mean_absolute_error': 0.42382065535489244},{'mean_absolute_error': 1.134809281896562},{'mean_absolute_error': 0.383832469673309},{'mean_absolute_error': 1.1392460481458992}
87,{'mean_absolute_error': 0.3364102414780497},{'mean_absolute_error': 1.171181235789227},{'mean_absolute_error': 0.4755584050810649},{'mean_absolute_error': 1.1234453936235507},{'mean_absolute_error': 0.3836237813377067},{'mean_absolute_error': 1.1314885411999762}
88,{'mean_absolute_error': 0.3804770423295056},{'mean_absolute_error': 1.1542191686929537},{'mean_absolute_error': 0.37331141751180763},{'mean_absolute_error': 1.1490112572688658},{'mean_absolute_error': 0.3716720912809644},{'mean_absolute_error': 1.153872773131668}
89,{'mean_absolute_error': 0.3543815395401746},{'mean_absolute_error': 1.1376852549233636},{'mean_absolute_error': 0.3821950203876549},{'mean_absolute_error': 1.1122584281876051},{'mean_absolute_error': 0.43224456166207237},{'mean_absolute_error': 1.1396861544053853}
90,{'mean_absolute_error': 0.418788111329851},{'mean_absolute_error': 1.14519888461035},{'mean_absolute_error': 0.3652651133511638},{'mean_absolute_error': 1.128196202407408},{'mean_absolute_error': 0.36457728998099265},{'mean_absolute_error': 1.079283193046249}
91,{'mean_absolute_error': 0.34292130404114296},{'mean_absolute_error': 1.1494125675672555},{'mean_absolute_error': 0.4272190714652919},{'mean_absolute_error': 1.1383433526078675},{'mean_absolute_error': 0.37409099056451117},{'mean_absolute_error': 1.116304636347882}
92,{'mean_absolute_error': 0.3735301370281216},{'mean_absolute_error': 1.146641579563386},{'mean_absolute_error': 0.36947403772275017},{'mean_absolute_error': 1.1481859870366866},{'mean_absolute_error': 0.33341699728927754},{'mean_absolute_error': 1.1523346916003872}
93,{'mean_absolute_error': 0.31656999954606985},{'mean_absolute_error': 1.164274341017459},{'mean_absolute_error': 0.3615273116924808},{'mean_absolute_error': 1.0995172822588997},{'mean_absolute_error': 0.3843692590552109},{'mean_absolute_error': 1.1312987746887806}
94,{'mean_absolute_error': 0.3082203518209951},{'mean_absolute_error': 1.1345891434903819},{'mean_absolute_error': 0.3704853467140472},{'mean_absolute_error': 1.140125314610787},{'mean_absolute_error': 0.3658973998950107},{'mean_absolute_error': 1.0803207533292023}
95,{'mean_absolute_error': 0.33662807010797824},{'mean_absolute_error': 1.1531870823169397},{'mean_absolute_error': 0.35735900252002695},{'mean_absolute_error': 1.1202423229464957},{'mean_absolute_error': 0.357164036670108},{'mean_absolute_error': 1.105221166589768}
96,{'mean_absolute_error': 0.3277751022349567},{'mean_absolute_error': 1.1765049622134613},{'mean_absolute_error': 0.40725703058764445},{'mean_absolute_error': 1.1495861755452939},{'mean_absolute_error': 0.38498063883693373},{'mean_absolute_error': 1.1159943068638183}
97,{'mean_absolute_error': 0.3198470469764409},{'mean_absolute_error': 1.149922922583257},{'mean_absolute_error': 0.34223488053496076},{'mean_absolute_error': 1.1570957235019388},{'mean_absolute_error': 0.41080555537657765},{'mean_absolute_error': 1.0959717046116046}
98,{'mean_absolute_error': 0.31373653178630395},{'mean_absolute_error': 1.1558971960500304},{'mean_absolute_error': 0.3311837141336644},{'mean_absolute_error': 1.1025282386818094},{'mean_absolute_error': 0.33649916396786783},{'mean_absolute_error': 1.1227368794901473}
99,{'mean_absolute_error': 0.32325902965172565},{'mean_absolute_error': 1.1266126794790496},{'mean_absolute_error': 0.37265952219706433},{'mean_absolute_error': 1.1309524690938113},{'mean_absolute_error': 0.3296247830378375},{'mean_absolute_error': 1.109550030140253}
100,{'mean_absolute_error': 0.31756133021338917},{'mean_absolute_error': 1.1509359747721783},{'mean_absolute_error': 0.33583522036006064},{'mean_absolute_error': 1.1118285597662971},{'mean_absolute_error': 0.32284270670816306},{'mean_absolute_error': 1.1136405536656824}
101,{'mean_absolute_error': 0.3463074363335957},{'mean_absolute_error': 1.1753356645502557},{'mean_absolute_error': 0.37403335625017753},{'mean_absolute_error': 1.1223511047590313},{'mean_absolute_error': 0.32076068695172594},{'mean_absolute_error': 1.0925511635024896}
102,{'mean_absolute_error': 0.34986422086950986},{'mean_absolute_error': 1.1778497903255654},{'mean_absolute_error': 0.3535587928560864},{'mean_absolute_error': 1.1324593445224762},{'mean_absolute_error': 0.35683836360498117},{'mean_absolute_error': 1.1319820150870954}
103,{'mean_absolute_error': 0.33081820916754473},{'mean_absolute_error': 1.1510664589459383},{'mean_absolute_error': 0.3384893075767602},{'mean_absolute_error': 1.118403619260682},{'mean_absolute_error': 0.3739062550025619},{'mean_absolute_error': 1.1017849410127483}
104,{'mean_absolute_error': 0.3460739532238173},{'mean_absolute_error': 1.1661184665819073},{'mean_absolute_error': 0.353219425668251},{'mean_absolute_error': 1.1284865308264511},{'mean_absolute_error': 0.4659860926539326},{'mean_absolute_error': 1.1618551520583527}
105,{'mean_absolute_error': 0.32139193104334973},{'mean_absolute_error': 1.165012784681061},{'mean_absolute_error': 0.3616026719443216},{'mean_absolute_error': 1.1610962571291599},{'mean_absolute_error': 0.32913778705705876},{'mean_absolute_error': 1.075708232403771}
106,{'mean_absolute_error': 0.32936443881619615},{'mean_absolute_error': 1.1630073646868366},{'mean_absolute_error': 0.360370617387519},{'mean_absolute_error': 1.1416733192675284},{'mean_absolute_error': 0.3515545051936591},{'mean_absolute_error': 1.0951225184019537}
107,{'mean_absolute_error': 0.28610359672217717},{'mean_absolute_error': 1.1359544636489547},{'mean_absolute_error': 0.32458673573497004},{'mean_absolute_error': 1.0928640397338527},{'mean_absolute_error': 0.3814709106778953},{'mean_absolute_error': 1.1708974546768827}
108,{'mean_absolute_error': 0.342678547986175},{'mean_absolute_error': 1.1170763933404897},{'mean_absolute_error': 0.33685129189560326},{'mean_absolute_error': 1.1157960684330936},{'mean_absolute_error': 0.29408425930047283},{'mean_absolute_error': 1.1209068093079682}
109,{'mean_absolute_error': 0.3105795748540123},{'mean_absolute_error': 1.1624230669143965},{'mean_absolute_error': 0.3580862355459},{'mean_absolute_error': 1.144974268983454},{'mean_absolute_error': 0.32731147380776954},{'mean_absolute_error': 1.1525519719530049}
110,{'mean_absolute_error': 0.3156145675275587},{'mean_absolute_error': 1.1226661236122273},{'mean_absolute_error': 0.3935112065973324},{'mean_absolute_error': 1.1908875039238447},{'mean_absolute_error': 0.37586639811728134},{'mean_absolute_error': 1.121505045285158}
111,{'mean_absolute_error': 0.3105059244474414},{'mean_absolute_error': 1.1457879141310436},{'mean_absolute_error': 0.351880926683096},{'mean_absolute_error': 1.1283858871558654},{'mean_absolute_error': 0.2818118995915403},{'mean_absolute_error': 1.1084990336061087}
112,{'mean_absolute_error': 0.27792904768912763},{'mean_absolute_error': 1.1497091433510118},{'mean_absolute_error': 0.3089347195830135},{'mean_absolute_error': 1.134492078984787},{'mean_absolute_error': 0.36287972508554095},{'mean_absolute_error': 1.0953795779124902}
113,{'mean_absolute_error': 0.29298575547151745},{'mean_absolute_error': 1.130051301910498},{'mean_absolute_error': 0.3224665179924286},{'mean_absolute_error': 1.1358096358945895},{'mean_absolute_error': 0.3526729993906451},{'mean_absolute_error': 1.124084415593479}
114,{'mean_absolute_error': 0.2734938093124132},{'mean_absolute_error': 1.1389900990335604},{'mean_absolute_error': 0.36182697225853144},{'mean_absolute_error': 1.0892762165917937},{'mean_absolute_error': 0.2904624801578287},{'mean_absolute_error': 1.1057588237661193}
115,{'mean_absolute_error': 0.27080831262262833},{'mean_absolute_error': 1.148618872723151},{'mean_absolute_error': 0.323228577327269},{'mean_absolute_error': 1.1574150765757272},{'mean_absolute_error': 0.3501637193666792},{'mean_absolute_error': 1.149842067529249}
116,{'mean_absolute_error': 0.2899682819323457},{'mean_absolute_error': 1.150133233826841},{'mean_absolute_error': 0.3339732257100984},{'mean_absolute_error': 1.1376568030988983},{'mean_absolute_error': 0.30813283099482636},{'mean_absolute_error': 1.0727238374976578}
117,{'mean_absolute_error': 0.3083929322791994},{'mean_absolute_error': 1.126415019819156},{'mean_absolute_error': 0.29116988737073934},{'mean_absolute_error': 1.0890824209490897},{'mean_absolute_error': 0.3297800446870961},{'mean_absolute_error': 1.1129331933173856}
118,{'mean_absolute_error': 0.27855748511311224},{'mean_absolute_error': 1.1363514020266439},{'mean_absolute_error': 0.35784730285999294},{'mean_absolute_error': 1.0824809029978377},{'mean_absolute_error': 0.307309663459192},{'mean_absolute_error': 1.0947962366579362}
119,{'mean_absolute_error': 0.2638479480239233},{'mean_absolute_error': 1.1537640942047525},{'mean_absolute_error': 0.2833405128421297},{'mean_absolute_error': 1.111415490816531},{'mean_absolute_error': 0.3156265881822159},{'mean_absolute_error': 1.130727136694828}
120,{'mean_absolute_error': 0.26923530187368133},{'mean_absolute_error': 1.1344084446412712},{'mean_absolute_error': 0.2763055667626247},{'mean_absolute_error': 1.1098379581832034},{'mean_absolute_error': 0.31120705503742707},{'mean_absolute_error': 1.0770211934205203}
121,{'mean_absolute_error': 0.3439656358173737},{'mean_absolute_error': 1.1900371944476529},{'mean_absolute_error': 0.2912769075477473},{'mean_absolute_error': 1.0997854975183465},{'mean_absolute_error': 0.3117868449492837},{'mean_absolute_error': 1.1319627365520486}
122,{'mean_absolute_error': 0.2606330015399416},{'mean_absolute_error': 1.154409184465267},{'mean_absolute_error': 0.3185641131259744},{'mean_absolute_error': 1.1107650848336512},{'mean_absolute_error': 0.3108465935654087},{'mean_absolute_error': 1.115990984261531}
123,{'mean_absolute_error': 0.2827932174753006},{'mean_absolute_error': 1.1198452976461135},{'mean_absolute_error': 0.31259224786873013},{'mean_absolute_error': 1.0943452481903475},{'mean_absolute_error': 0.29253561904347325},{'mean_absolute_error': 1.0513135213788782}
124,{'mean_absolute_error': 0.28217776276912937},{'mean_absolute_error': 1.1343462847534107},{'mean_absolute_error': 0.3028692960637737},{'mean_absolute_error': 1.1452119355471435},{'mean_absolute_error': 0.38132478315659785},{'mean_absolute_error': 1.1180686017408505}
125,{'mean_absolute_error': 0.2809282063683588},{'mean_absolute_error': 1.121730462549123},{'mean_absolute_error': 0.27715167374120087},{'mean_absolute_error': 1.0897753450143128},{'mean_absolute_error': 0.27981139650976633},{'mean_absolute_error': 1.0753903162275285}
126,{'mean_absolute_error': 0.2577441051025773},{'mean_absolute_error': 1.1255818798048096},{'mean_absolute_error': 0.29230809567083654},{'mean_absolute_error': 1.0766792014603135},{'mean_absolute_error': 0.36596818110744833},{'mean_absolute_error': 1.0959389311357015}
127,{'mean_absolute_error': 0.32824059976809267},{'mean_absolute_error': 1.1941895081169904},{'mean_absolute_error': 0.30233092345857276},{'mean_absolute_error': 1.0740979240716817},{'mean_absolute_error': 0.26704083828262865},{'mean_absolute_error': 1.1085758008815254}
128,{'mean_absolute_error': 0.30628369087954843},{'mean_absolute_error': 1.1311603134035433},{'mean_absolute_error': 0.30987458152810005},{'mean_absolute_error': 1.0632826990512574},{'mean_absolute_error': 0.30679046538315696},{'mean_absolute_error': 1.0712183371202413}
129,{'mean_absolute_error': 0.28778816348081293},{'mean_absolute_error': 1.1521565358139436},{'mean_absolute_error': 0.358495333068927},{'mean_absolute_error': 1.1188380982115609},{'mean_absolute_error': 0.288398919514381},{'mean_absolute_error': 1.0681805261779214}
130,{'mean_absolute_error': 0.3421716682406851},{'mean_absolute_error': 1.188392015592187},{'mean_absolute_error': 0.28288174611322414},{'mean_absolute_error': 1.0950174710023608},{'mean_absolute_error': 0.27693136755219644},{'mean_absolute_error': 1.0594797703260102}
131,{'mean_absolute_error': 0.29026730225921904},{'mean_absolute_error': 1.1322772864239659},{'mean_absolute_error': 0.3332747242667295},{'mean_absolute_error': 1.1189874575481586},{'mean_absolute_error': 0.2903556496847277},{'mean_absolute_error': 1.0626205980509653}
132,{'mean_absolute_error': 0.33865401064873263},{'mean_absolute_error': 1.1949653396385935},{'mean_absolute_error': 0.27583500019381463},{'mean_absolute_error': 1.1518839384918385},{'mean_absolute_error': 0.2722479315331008},{'mean_absolute_error': 1.0600258718501991}
133,{'mean_absolute_error': 0.25016076737249765},{'mean_absolute_error': 1.155948789012641},{'mean_absolute_error': 0.32640678327774303},{'mean_absolute_error': 1.1652008962725113},{'mean_absolute_error': 0.32424162668764733},{'mean_absolute_error': 1.1366376631490305}
134,{'mean_absolute_error': 0.25782305144927126},{'mean_absolute_error': 1.1943914162834608},{'mean_absolute_error': 0.2960457010543295},{'mean_absolute_error': 1.113073113004417},{'mean_absolute_error': 0.2948325641164901},{'mean_absolute_error': 1.1061234975211418}
135,{'mean_absolute_error': 0.2888433014221496},{'mean_absolute_error': 1.1396039069895445},{'mean_absolute_error': 0.3329408508057974},{'mean_absolute_error': 1.0672387975920272},{'mean_absolute_error': 0.276174332922335},{'mean_absolute_error': 1.084132804438938}
136,{'mean_absolute_error': 0.2697642545036814},{'mean_absolute_error': 1.1729905714845528},{'mean_absolute_error': 0.2777330213405615},{'mean_absolute_error': 1.1036265098490594},{'mean_absolute_error': 0.3302098384997649},{'mean_absolute_error': 1.0726348918111805}
137,{'mean_absolute_error': 0.28104226392900955},{'mean_absolute_error': 1.1450140291577933},{'mean_absolute_error': 0.30941824128446566},{'mean_absolute_error': 1.1155422224220948},{'mean_absolute_error': 0.2522936767990835},{'mean_absolute_error': 1.1289061707326618}
138,{'mean_absolute_error': 0.2523480137802085},{'mean_absolute_error': 1.167301780540041},{'mean_absolute_error': 0.3726234554266584},{'mean_absolute_error': 1.1255443571090278},{'mean_absolute_error': 0.25905435856233555},{'mean_absolute_error': 1.1027135413871478}
139,{'mean_absolute_error': 0.2538658744565055},{'mean_absolute_error': 1.1329902933513045},{'mean_absolute_error': 0.32740664217730897},{'mean_absolute_error': 1.1433576800037368},{'mean_absolute_error': 0.37484170204670164},{'mean_absolute_error': 1.1143716827623114}
140,{'mean_absolute_error': 0.25100948651243454},{'mean_absolute_error': 1.1520148473371172},{'mean_absolute_error': 0.2626394672480298},{'mean_absolute_error': 1.0931538164314567},{'mean_absolute_error': 0.2753361225328132},{'mean_absolute_error': 1.103589671674411}
141,{'mean_absolute_error': 0.23858482365082012},{'mean_absolute_error': 1.1471105549044778},{'mean_absolute_error': 0.3035548124254246},{'mean_absolute_error': 1.0843783530021396},{'mean_absolute_error': 0.27644604898647246},{'mean_absolute_error': 1.1527375373260103}
142,{'mean_absolute_error': 0.2603341614615292},{'mean_absolute_error': 1.1334967168407055},{'mean_absolute_error': 0.2780729539603132},{'mean_absolute_error': 1.0939755038736503},{'mean_absolute_error': 0.2862502841273277},{'mean_absolute_error': 1.0689128625470612}
143,{'mean_absolute_error': 0.29817958285679813},{'mean_absolute_error': 1.1410783786644818},{'mean_absolute_error': 0.25747276844579425},{'mean_absolute_error': 1.1020361286009783},{'mean_absolute_error': 0.32645893260088266},{'mean_absolute_error': 1.118986244070484}
144,{'mean_absolute_error': 0.23891805219063994},{'mean_absolute_error': 1.165553628571575},{'mean_absolute_error': 0.3640727424192506},{'mean_absolute_error': 1.1620482143180457},{'mean_absolute_error': 0.2633808719378398},{'mean_absolute_error': 1.0710559014136876}
145,{'mean_absolute_error': 0.2349907342060293},{'mean_absolute_error': 1.141319087765304},{'mean_absolute_error': 0.2649372399192603},{'mean_absolute_error': 1.0987973711230912},{'mean_absolute_error': 0.27550534616199224},{'mean_absolute_error': 1.0934338023948498}
146,{'mean_absolute_error': 0.2501686508625668},{'mean_absolute_error': 1.1710259943003802},{'mean_absolute_error': 0.27384926660705877},{'mean_absolute_error': 1.1232916800600479},{'mean_absolute_error': 0.24298195733536496},{'mean_absolute_error': 1.1264799695271759}
147,{'mean_absolute_error': 0.2798105075027954},{'mean_absolute_error': 1.137686679625426},{'mean_absolute_error': 0.3027102550044226},{'mean_absolute_error': 1.0854541858387956},{'mean_absolute_error': 0.3035830003457394},{'mean_absolute_error': 1.0641005704343858}
148,{'mean_absolute_error': 0.2218696697032048},{'mean_absolute_error': 1.133608962104015},{'mean_absolute_error': 0.25820165312865573},{'mean_absolute_error': 1.094957090185083},{'mean_absolute_error': 0.28746869332229685},{'mean_absolute_error': 1.0894365184836383}
149,{'mean_absolute_error': 0.24944985968301162},{'mean_absolute_error': 1.1364491291632035},{'mean_absolute_error': 0.2659014110812353},{'mean_absolute_error': 1.1119399597058852},{'mean_absolute_error': 0.31789237697156825},{'mean_absolute_error': 1.1490055530631476}
150,{'mean_absolute_error': 0.2037451867866949},{'mean_absolute_error': 1.145120039507555},{'mean_absolute_error': 0.2681653858307291},{'mean_absolute_error': 1.1000295590795768},{'mean_absolute_error': 0.26583132554543454},{'mean_absolute_error': 1.057638891318069}
151,{'mean_absolute_error': 0.24933066463270348},{'mean_absolute_error': 1.1476089638908098},{'mean_absolute_error': 0.2948870760842019},{'mean_absolute_error': 1.094960419454188},{'mean_absolute_error': 0.2677286662804967},{'mean_absolute_error': 1.0844182736191201}
152,{'mean_absolute_error': 0.2571361576367483},{'mean_absolute_error': 1.1390749223207646},{'mean_absolute_error': 0.25792501652235306},{'mean_absolute_error': 1.1330157239457004},{'mean_absolute_error': 0.24070521359941324},{'mean_absolute_error': 1.0866993352196457}
153,{'mean_absolute_error': 0.2962833427921872},{'mean_absolute_error': 1.1538431333634511},{'mean_absolute_error': 0.252796000470171},{'mean_absolute_error': 1.120273183755088},{'mean_absolute_error': 0.236832490726267},{'mean_absolute_error': 1.0901987237893103}
154,{'mean_absolute_error': 0.2345217277623651},{'mean_absolute_error': 1.1653319765498704},{'mean_absolute_error': 0.2684762866041414},{'mean_absolute_error': 1.1147547923986862},{'mean_absolute_error': 0.22911563915755268},{'mean_absolute_error': 1.081936888847013}
155,{'mean_absolute_error': 0.23490371383979824},{'mean_absolute_error': 1.1415172943943068},{'mean_absolute_error': 0.23725692607623927},{'mean_absolute_error': 1.0821160456589665},{'mean_absolute_error': 0.2262620279307223},{'mean_absolute_error': 1.0852142780564336}
156,{'mean_absolute_error': 0.21209962347370145},{'mean_absolute_error': 1.1377456674408808},{'mean_absolute_error': 0.23566033858955876},{'mean_absolute_error': 1.0799616787041473},{'mean_absolute_error': 0.24086535159332578},{'mean_absolute_error': 1.1191321157555694}
157,{'mean_absolute_error': 0.2177640363984799},{'mean_absolute_error': 1.1388700038733177},{'mean_absolute_error': 0.2891674322666221},{'mean_absolute_error': 1.1360727074982355},{'mean_absolute_error': 0.23547902590855382},{'mean_absolute_error': 1.0992220898313507}
158,{'mean_absolute_error': 0.24773464020580924},{'mean_absolute_error': 1.1297860964120428},{'mean_absolute_error': 0.2488861186629364},{'mean_absolute_error': 1.0788010600563471},{'mean_absolute_error': 0.22575474113059832},{'mean_absolute_error': 1.0885456988735918}
159,{'mean_absolute_error': 0.2144564327807859},{'mean_absolute_error': 1.1528803368496803},{'mean_absolute_error': 0.2491220908004613},{'mean_absolute_error': 1.0893788723334321},{'mean_absolute_error': 0.22851301014584857},{'mean_absolute_error': 1.0812481252024253}
160,{'mean_absolute_error': 0.264767401908196},{'mean_absolute_error': 1.1831939782736087},{'mean_absolute_error': 0.23617231249328763},{'mean_absolute_error': 1.111798111015101},{'mean_absolute_error': 0.261235990782748},{'mean_absolute_error': 1.079245523521011}
161,{'mean_absolute_error': 0.21381556243441885},{'mean_absolute_error': 1.166486150315218},{'mean_absolute_error': 0.23678481206018795},{'mean_absolute_error': 1.088536112410026},{'mean_absolute_error': 0.23404956362820495},{'mean_absolute_error': 1.0965412806202266}
162,{'mean_absolute_error': 0.24094400581049777},{'mean_absolute_error': 1.1441492898954388},{'mean_absolute_error': 0.23021248973742947},{'mean_absolute_error': 1.0830795072864081},{'mean_absolute_error': 0.28271930554550845},{'mean_absolute_error': 1.0594375664766236}
163,{'mean_absolute_error': 0.28226505776243993},{'mean_absolute_error': 1.1463330546497246},{'mean_absolute_error': 0.24019670738443594},{'mean_absolute_error': 1.117829883645389},{'mean_absolute_error': 0.2670465440515026},{'mean_absolute_error': 1.0700706837466738}
164,{'mean_absolute_error': 0.24478323211856293},{'mean_absolute_error': 1.1329000518808106},{'mean_absolute_error': 0.23862053784444748},{'mean_absolute_error': 1.0816567413752336},{'mean_absolute_error': 0.22831294297539442},{'mean_absolute_error': 1.0716800114831604}
165,{'mean_absolute_error': 0.2890852049567608},{'mean_absolute_error': 1.131130270059727},{'mean_absolute_error': 0.26044822851935834},{'mean_absolute_error': 1.0923957096296977},{'mean_absolute_error': 0.23655838135055837},{'mean_absolute_error': 1.0901958131428768}
166,{'mean_absolute_error': 0.281922805467575},{'mean_absolute_error': 1.168204453446776},{'mean_absolute_error': 0.27106258240267506},{'mean_absolute_error': 1.1041918999043379},{'mean_absolute_error': 0.22047545862964688},{'mean_absolute_error': 1.0820170897935832}
167,{'mean_absolute_error': 0.2581855797723509},{'mean_absolute_error': 1.1510287148692055},{'mean_absolute_error': 0.23868175470326358},{'mean_absolute_error': 1.103178670228188},{'mean_absolute_error': 0.21493257038895866},{'mean_absolute_error': 1.0985546060146412}
168,{'mean_absolute_error': 0.24236272536583683},{'mean_absolute_error': 1.120399489944391},{'mean_absolute_error': 0.2188018027315219},{'mean_absolute_error': 1.09657792114618},{'mean_absolute_error': 0.2378084212216674},{'mean_absolute_error': 1.08453555413711}
169,{'mean_absolute_error': 0.3018358702179456},{'mean_absolute_error': 1.1798878476316021},{'mean_absolute_error': 0.2562361844302942},{'mean_absolute_error': 1.068786465179574},{'mean_absolute_error': 0.24038870818328306},{'mean_absolute_error': 1.0727549936292728}
170,{'mean_absolute_error': 0.22662139931182224},{'mean_absolute_error': 1.1589458681536924},{'mean_absolute_error': 0.2226174068780008},{'mean_absolute_error': 1.0997841204254035},{'mean_absolute_error': 0.2134828671967192},{'mean_absolute_error': 1.0924582321304122}
171,{'mean_absolute_error': 0.21677996037991495},{'mean_absolute_error': 1.1375081707199453},{'mean_absolute_error': 0.23749565582019155},{'mean_absolute_error': 1.1042506198362139},{'mean_absolute_error': 0.26321195046060486},{'mean_absolute_error': 1.1159348789176293}
172,{'mean_absolute_error': 0.26780658740926366},{'mean_absolute_error': 1.130508715813592},{'mean_absolute_error': 0.2609202102625953},{'mean_absolute_error': 1.0895597585792725},{'mean_absolute_error': 0.21758636217295474},{'mean_absolute_error': 1.0565197210021504}
173,{'mean_absolute_error': 0.22980112518510218},{'mean_absolute_error': 1.151096582581967},{'mean_absolute_error': 0.2241284214649944},{'mean_absolute_error': 1.088538010129906},{'mean_absolute_error': 0.24199971198192843},{'mean_absolute_error': 1.0823849694222332}
174,{'mean_absolute_error': 0.2528086915553304},{'mean_absolute_error': 1.11929523466922},{'mean_absolute_error': 0.3163646211960922},{'mean_absolute_error': 1.1266533653467734},{'mean_absolute_error': 0.2585212370571581},{'mean_absolute_error': 1.0503631157025497}
175,{'mean_absolute_error': 0.21203534588627937},{'mean_absolute_error': 1.1578381015459642},{'mean_absolute_error': 0.2358666321104895},{'mean_absolute_error': 1.1048798036122105},{'mean_absolute_error': 0.2361579744894334},{'mean_absolute_error': 1.1139023528601069}
176,{'mean_absolute_error': 0.24387539277746753},{'mean_absolute_error': 1.1351196152846124},{'mean_absolute_error': 0.2673605251107246},{'mean_absolute_error': 1.0773340874266155},{'mean_absolute_error': 0.27571352895884965},{'mean_absolute_error': 1.0935761839865425}
177,{'mean_absolute_error': 0.20579162530651116},{'mean_absolute_error': 1.1567238408568796},{'mean_absolute_error': 0.27487208267941454},{'mean_absolute_error': 1.0902939146214157},{'mean_absolute_error': 0.26418866388351986},{'mean_absolute_error': 1.111656581231}
178,{'mean_absolute_error': 0.2764176455861705},{'mean_absolute_error': 1.1273797229014486},{'mean_absolute_error': 0.3489350540705235},{'mean_absolute_error': 1.1448881153566681},{'mean_absolute_error': 0.2188783840344407},{'mean_absolute_error': 1.073899857844136}
179,{'mean_absolute_error': 0.21844236678248813},{'mean_absolute_error': 1.1546389465656874},{'mean_absolute_error': 0.2666686594565755},{'mean_absolute_error': 1.0782485673772764},{'mean_absolute_error': 0.37232033900160627},{'mean_absolute_error': 1.1602478358496184}
180,{'mean_absolute_error': 0.2536263169814672},{'mean_absolute_error': 1.1075009009939436},{'mean_absolute_error': 0.22194489300582923},{'mean_absolute_error': 1.1127304275279262},{'mean_absolute_error': 0.2624308372963168},{'mean_absolute_error': 1.0882412291066403}
181,{'mean_absolute_error': 0.2491780317430169},{'mean_absolute_error': 1.1304537511666983},{'mean_absolute_error': 0.24734969489752875},{'mean_absolute_error': 1.097749442368999},{'mean_absolute_error': 0.20591863025341747},{'mean_absolute_error': 1.0679208973727836}
182,{'mean_absolute_error': 0.2130026502358577},{'mean_absolute_error': 1.1460406511999053},{'mean_absolute_error': 0.2823214940089421},{'mean_absolute_error': 1.0854546208490976},{'mean_absolute_error': 0.2214675367551066},{'mean_absolute_error': 1.0797084869867353}
183,{'mean_absolute_error': 0.263161153565527},{'mean_absolute_error': 1.1324163776154346},{'mean_absolute_error': 0.24869737306787393},{'mean_absolute_error': 1.0807744992006396},{'mean_absolute_error': 0.24327399588076046},{'mean_absolute_error': 1.0792045592526684}
184,{'mean_absolute_error': 0.21933494589405922},{'mean_absolute_error': 1.1464838616820532},{'mean_absolute_error': 0.261187234333388},{'mean_absolute_error': 1.1204147204065011},{'mean_absolute_error': 0.2677727631083777},{'mean_absolute_error': 1.097014994756337}
185,{'mean_absolute_error': 0.19139622958250685},{'mean_absolute_error': 1.1414476478866253},{'mean_absolute_error': 0.2701011999335216},{'mean_absolute_error': 1.0847454822788658},{'mean_absolute_error': 0.22798012093423875},{'mean_absolute_error': 1.0506477301399664}
186,{'mean_absolute_error': 0.19345871554265687},{'mean_absolute_error': 1.160595419182771},{'mean_absolute_error': 0.2256928607792242},{'mean_absolute_error': 1.1022144046411453},{'mean_absolute_error': 0.21739942079925795},{'mean_absolute_error': 1.087458051683951}
187,{'mean_absolute_error': 0.226107192151201},{'mean_absolute_error': 1.1382187608232335},{'mean_absolute_error': 0.2261438138763695},{'mean_absolute_error': 1.0658530379421354},{'mean_absolute_error': 0.24585359921167715},{'mean_absolute_error': 1.0780574462615}
188,{'mean_absolute_error': 0.20586691876535917},{'mean_absolute_error': 1.157676227649694},{'mean_absolute_error': 0.2467330058958377},{'mean_absolute_error': 1.0747487906597029},{'mean_absolute_error': 0.24056742923250934},{'mean_absolute_error': 1.0590720585287208}
189,{'mean_absolute_error': 0.2380350976754339},{'mean_absolute_error': 1.1596228223743843},{'mean_absolute_error': 0.2727000560628183},{'mean_absolute_error': 1.0624646246076725},{'mean_absolute_error': 0.21700995707520598},{'mean_absolute_error': 1.070319305311646}
190,{'mean_absolute_error': 0.24746607832676407},{'mean_absolute_error': 1.1673327462419834},{'mean_absolute_error': 0.23306217206063654},{'mean_absolute_error': 1.0763206950041806},{'mean_absolute_error': 0.26080608425661195},{'mean_absolute_error': 1.0708746469029464}
191,{'mean_absolute_error': 0.20833185638474033},{'mean_absolute_error': 1.1380188269568394},{'mean_absolute_error': 0.2107017853598947},{'mean_absolute_error': 1.0941120731762188},{'mean_absolute_error': 0.22784035776766673},{'mean_absolute_error': 1.0661102418114465}
192,{'mean_absolute_error': 0.2310630114228565},{'mean_absolute_error': 1.1677382941185692},{'mean_absolute_error': 0.22861649394520622},{'mean_absolute_error': 1.0829991496339766},{'mean_absolute_error': 0.23111739932172398},{'mean_absolute_error': 1.1156863951487561}
193,{'mean_absolute_error': 0.19749267952560365},{'mean_absolute_error': 1.1489996834564462},{'mean_absolute_error': 0.21667940837929817},{'mean_absolute_error': 1.0823804021282004},{'mean_absolute_error': 0.22167532887981273},{'mean_absolute_error': 1.0870746617214861}
194,{'mean_absolute_error': 0.21311353362604454},{'mean_absolute_error': 1.1713873429396426},{'mean_absolute_error': 0.28629628766005},{'mean_absolute_error': 1.0625106933930715},{'mean_absolute_error': 0.2532742414840061},{'mean_absolute_error': 1.094437369586659}
195,{'mean_absolute_error': 0.19868080759820958},{'mean_absolute_error': 1.1400535848992586},{'mean_absolute_error': 0.21298292152154186},{'mean_absolute_error': 1.067852673223324},{'mean_absolute_error': 0.24471253238640936},{'mean_absolute_error': 1.0581477649462998}
196,{'mean_absolute_error': 0.24308539728770573},{'mean_absolute_error': 1.1462326577262651},{'mean_absolute_error': 0.23703075449318015},{'mean_absolute_error': 1.085484146423043},{'mean_absolute_error': 0.21560341064111252},{'mean_absolute_error': 1.0844040776475234}
197,{'mean_absolute_error': 0.21117594603688536},{'mean_absolute_error': 1.141203947198938},{'mean_absolute_error': 0.23155881580585203},{'mean_absolute_error': 1.0796195526156482},{'mean_absolute_error': 0.30209489699011377},{'mean_absolute_error': 1.1318319505092238}
198,{'mean_absolute_error': 0.19921654842293082},{'mean_absolute_error': 1.1398698493877577},{'mean_absolute_error': 0.2557467077089858},{'mean_absolute_error': 1.1011393692115912},{'mean_absolute_error': 0.2073086652899926},{'mean_absolute_error': 1.0692374633565813}
199,{'mean_absolute_error': 0.24172764379133452},{'mean_absolute_error': 1.1404933506361017},{'mean_absolute_error': 0.22974883188556913},{'mean_absolute_error': 1.0748009699681877},{'mean_absolute_error': 0.19776715819815358},{'mean_absolute_error': 1.065623259057653}
200,{'mean_absolute_error': 0.2362483989776707},{'mean_absolute_error': 1.149071915159437},{'mean_absolute_error': 0.3080767907727694},{'mean_absolute_error': 1.1024086360994105},{'mean_absolute_error': 0.22832595253646595},{'mean_absolute_error': 1.0890079443787621}
201,{'mean_absolute_error': 0.18709612583046872},{'mean_absolute_error': 1.1430689154702176},{'mean_absolute_error': 0.20966625215262677},{'mean_absolute_error': 1.0831787918121936},{'mean_absolute_error': 0.19714567305108052},{'mean_absolute_error': 1.0737884740389854}
202,{'mean_absolute_error': 0.2038059351733931},{'mean_absolute_error': 1.1343627556075537},{'mean_absolute_error': 0.2904825654700654},{'mean_absolute_error': 1.147475215137509},{'mean_absolute_error': 0.22877519647786146},{'mean_absolute_error': 1.0836217989186034}
203,{'mean_absolute_error': 0.25143859174405153},{'mean_absolute_error': 1.1606578848953248},{'mean_absolute_error': 0.2554034919881463},{'mean_absolute_error': 1.0655400519684068},{'mean_absolute_error': 0.19461163955601413},{'mean_absolute_error': 1.0811158858471845}
204,{'mean_absolute_error': 0.1951388672474269},{'mean_absolute_error': 1.1539668303081212},{'mean_absolute_error': 0.37251695350589364},{'mean_absolute_error': 1.208768240518872},{'mean_absolute_error': 0.28122630582609726},{'mean_absolute_error': 1.025367079162273}
205,{'mean_absolute_error': 0.2351281179335236},{'mean_absolute_error': 1.1369034269874911},{'mean_absolute_error': 0.25422820024648196},{'mean_absolute_error': 1.1055202308664211},{'mean_absolute_error': 0.210272465698472},{'mean_absolute_error': 1.0697288179025208}
206,{'mean_absolute_error': 0.21557787557337138},{'mean_absolute_error': 1.123069152321088},{'mean_absolute_error': 0.254065403442227},{'mean_absolute_error': 1.094128925697495},{'mean_absolute_error': 0.20728176039883817},{'mean_absolute_error': 1.0743561848248402}
207,{'mean_absolute_error': 0.26970255880532445},{'mean_absolute_error': 1.195479056583779},{'mean_absolute_error': 0.23387591923614348},{'mean_absolute_error': 1.0772431707254497},{'mean_absolute_error': 0.1948885850365578},{'mean_absolute_error': 1.072881668490753}
208,{'mean_absolute_error': 0.2738740300994756},{'mean_absolute_error': 1.1638041744514336},{'mean_absolute_error': 0.19736774085383252},{'mean_absolute_error': 1.0847822732103163},{'mean_absolute_error': 0.1881509557198342},{'mean_absolute_error': 1.0642667979434501}
209,{'mean_absolute_error': 0.21367968036587962},{'mean_absolute_error': 1.1733414204768409},{'mean_absolute_error': 0.24492023909627636},{'mean_absolute_error': 1.070795414287168},{'mean_absolute_error': 0.26058347441035495},{'mean_absolute_error': 1.0875470371858071}
210,{'mean_absolute_error': 0.18739007483800316},{'mean_absolute_error': 1.153420124753411},{'mean_absolute_error': 0.24635844554574374},{'mean_absolute_error': 1.0752557412202473},{'mean_absolute_error': 0.22505022630257582},{'mean_absolute_error': 1.077181942485334}
211,{'mean_absolute_error': 0.2443988155842556},{'mean_absolute_error': 1.1345673725651944},{'mean_absolute_error': 0.23150847240032824},{'mean_absolute_error': 1.0582081521446094},{'mean_absolute_error': 0.27157432192192366},{'mean_absolute_error': 1.088057395637242}
212,{'mean_absolute_error': 0.20889324349741026},{'mean_absolute_error': 1.1515578028205458},{'mean_absolute_error': 0.21266156662473365},{'mean_absolute_error': 1.0814618968208232},{'mean_absolute_error': 0.21133339611107096},{'mean_absolute_error': 1.0842656274968085}
213,{'mean_absolute_error': 0.1991574104709295},{'mean_absolute_error': 1.1401351652770713},{'mean_absolute_error': 0.20053141195011692},{'mean_absolute_error': 1.098013465029023},{'mean_absolute_error': 0.18691565510341626},{'mean_absolute_error': 1.0641412665243701}
214,{'mean_absolute_error': 0.20576703930566526},{'mean_absolute_error': 1.1534230712660771},{'mean_absolute_error': 0.22582253836208122},{'mean_absolute_error': 1.0840336984573051},{'mean_absolute_error': 0.21298773997797854},{'mean_absolute_error': 1.046644074863933}
215,{'mean_absolute_error': 0.2110306228433452},{'mean_absolute_error': 1.1409372898238266},{'mean_absolute_error': 0.20587459826210078},{'mean_absolute_error': 1.0826125756839855},{'mean_absolute_error': 0.1991433904511123},{'mean_absolute_error': 1.113034269410457}
216,{'mean_absolute_error': 0.19688183184365907},{'mean_absolute_error': 1.146996921364298},{'mean_absolute_error': 0.2049558337018827},{'mean_absolute_error': 1.0975320629810925},{'mean_absolute_error': 0.22597237439717296},{'mean_absolute_error': 1.090811970261967}
217,{'mean_absolute_error': 0.18590740883363382},{'mean_absolute_error': 1.1388586033276786},{'mean_absolute_error': 0.2634824523271591},{'mean_absolute_error': 1.1057004725595603},{'mean_absolute_error': 0.19120490054728148},{'mean_absolute_error': 1.050870664681465}
218,{'mean_absolute_error': 0.20578918670037802},{'mean_absolute_error': 1.1302510964437713},{'mean_absolute_error': 0.21979780996659784},{'mean_absolute_error': 1.1050867176742805},{'mean_absolute_error': 0.20140761720373143},{'mean_absolute_error': 1.112862079773945}
219,{'mean_absolute_error': 0.19502886275165252},{'mean_absolute_error': 1.1488436110815992},{'mean_absolute_error': 0.21198474524074618},{'mean_absolute_error': 1.1070062318027247},{'mean_absolute_error': 0.2018768756147845},{'mean_absolute_error': 1.0702917440065858}
220,{'mean_absolute_error': 0.23121885148209953},{'mean_absolute_error': 1.1463185170402628},{'mean_absolute_error': 0.31041463268900554},{'mean_absolute_error': 1.139283880733623},{'mean_absolute_error': 0.19389502280099907},{'mean_absolute_error': 1.0638481706707594}
221,{'mean_absolute_error': 0.1965309495250241},{'mean_absolute_error': 1.1517400842713024},{'mean_absolute_error': 0.2354788018425439},{'mean_absolute_error': 1.0773214937120719},{'mean_absolute_error': 0.21408240463435546},{'mean_absolute_error': 1.0310175370069408}
222,{'mean_absolute_error': 0.2007895777067941},{'mean_absolute_error': 1.1244229668094436},{'mean_absolute_error': 0.22844587015178863},{'mean_absolute_error': 1.1008637663969476},{'mean_absolute_error': 0.20036374467791632},{'mean_absolute_error': 1.066992238197537}
223,{'mean_absolute_error': 0.2069558409002316},{'mean_absolute_error': 1.1632079336466348},{'mean_absolute_error': 0.253611603195027},{'mean_absolute_error': 1.079453786597291},{'mean_absolute_error': 0.18017015876088818},{'mean_absolute_error': 1.0674632892372726}
224,{'mean_absolute_error': 0.1980105301024079},{'mean_absolute_error': 1.138020298317481},{'mean_absolute_error': 0.21809421150848887},{'mean_absolute_error': 1.1044787445542477},{'mean_absolute_error': 0.17981350205580587},{'mean_absolute_error': 1.0650789283312745}
225,{'mean_absolute_error': 0.1949391349353196},{'mean_absolute_error': 1.1437003811228819},{'mean_absolute_error': 0.22519125385454855},{'mean_absolute_error': 1.111237085586208},{'mean_absolute_error': 0.19367270903150932},{'mean_absolute_error': 1.0638664488748661}
226,{'mean_absolute_error': 0.1814712480403865},{'mean_absolute_error': 1.1254086994101908},{'mean_absolute_error': 0.1990186661069838},{'mean_absolute_error': 1.0999248170048816},{'mean_absolute_error': 0.20093462244761504},{'mean_absolute_error': 1.0473914396278365}
227,{'mean_absolute_error': 0.19409059696630318},{'mean_absolute_error': 1.139540695751035},{'mean_absolute_error': 0.20708158961298453},{'mean_absolute_error': 1.1247676645270743},{'mean_absolute_error': 0.21433637195523678},{'mean_absolute_error': 1.0596976497370747}
228,{'mean_absolute_error': 0.19120654906146298},{'mean_absolute_error': 1.136630363881851},{'mean_absolute_error': 0.20515127417894186},{'mean_absolute_error': 1.1063934121115304},{'mean_absolute_error': 0.2496348670697973},{'mean_absolute_error': 1.099403085400193}
229,{'mean_absolute_error': 0.2142542802328106},{'mean_absolute_error': 1.126129114824373},{'mean_absolute_error': 0.20353142424244772},{'mean_absolute_error': 1.0994984214957406},{'mean_absolute_error': 0.18660180361205467},{'mean_absolute_error': 1.044867777103179}
230,{'mean_absolute_error': 0.17880623688968186},{'mean_absolute_error': 1.1372014280714606},{'mean_absolute_error': 0.2302728674923268},{'mean_absolute_error': 1.0975172775431772},{'mean_absolute_error': 0.19691399381487715},{'mean_absolute_error': 1.0866696684426171}
231,{'mean_absolute_error': 0.20788854512116536},{'mean_absolute_error': 1.1323739035178277},{'mean_absolute_error': 0.21718043673400253},{'mean_absolute_error': 1.1021838817023586},{'mean_absolute_error': 0.18707149922929592},{'mean_absolute_error': 1.0764776800164604}
232,{'mean_absolute_error': 0.20448557610374185},{'mean_absolute_error': 1.159647568227028},{'mean_absolute_error': 0.23250159322798475},{'mean_absolute_error': 1.073338598707414},{'mean_absolute_error': 0.20273387471545698},{'mean_absolute_error': 1.0909990686490538}
233,{'mean_absolute_error': 0.19384851147297166},{'mean_absolute_error': 1.13669256594592},{'mean_absolute_error': 0.19288295090557758},{'mean_absolute_error': 1.0935940622654434},{'mean_absolute_error': 0.24413369149529626},{'mean_absolute_error': 1.0850301959617914}
234,{'mean_absolute_error': 0.1995796978795266},{'mean_absolute_error': 1.148012524216074},{'mean_absolute_error': 0.2175423952382775},{'mean_absolute_error': 1.097013264918564},{'mean_absolute_error': 0.20113962875371094},{'mean_absolute_error': 1.0834611294179153}
235,{'mean_absolute_error': 0.18894845855702633},{'mean_absolute_error': 1.1444146412669525},{'mean_absolute_error': 0.22779364381807166},{'mean_absolute_error': 1.0918350556919236},{'mean_absolute_error': 0.17277986498162845},{'mean_absolute_error': 1.0614344576822312}
236,{'mean_absolute_error': 0.19367477723168866},{'mean_absolute_error': 1.152390866081628},{'mean_absolute_error': 0.1936538525993852},{'mean_absolute_error': 1.0924367562479829},{'mean_absolute_error': 0.182241676688583},{'mean_absolute_error': 1.0634340326711176}
237,{'mean_absolute_error': 0.17313011050550792},{'mean_absolute_error': 1.120140027432947},{'mean_absolute_error': 0.18579874712930858},{'mean_absolute_error': 1.0792130607445092},{'mean_absolute_error': 0.18006028935255994},{'mean_absolute_error': 1.0639603836991325}
238,{'mean_absolute_error': 0.2019792718048627},{'mean_absolute_error': 1.1227588101544317},{'mean_absolute_error': 0.279793137468255},{'mean_absolute_error': 1.0928752106961708},{'mean_absolute_error': 0.22555006301148126},{'mean_absolute_error': 1.026282499187715}
239,{'mean_absolute_error': 0.18225194112058854},{'mean_absolute_error': 1.1253502358976564},{'mean_absolute_error': 0.22072058017182616},{'mean_absolute_error': 1.1021314552683625},{'mean_absolute_error': 0.24083693623773683},{'mean_absolute_error': 1.017020315802323}
240,{'mean_absolute_error': 0.2366785603055809},{'mean_absolute_error': 1.1246784602440816},{'mean_absolute_error': 0.18938941971762513},{'mean_absolute_error': 1.0907550023116939},{'mean_absolute_error': 0.18443040917185008},{'mean_absolute_error': 1.0504926063368776}
241,{'mean_absolute_error': 0.2117055973988685},{'mean_absolute_error': 1.120171248704153},{'mean_absolute_error': 0.21305268875268318},{'mean_absolute_error': 1.073905174153374},{'mean_absolute_error': 0.17387636734887293},{'mean_absolute_error': 1.0488743565953498}
242,{'mean_absolute_error': 0.17158280505267026},{'mean_absolute_error': 1.1182028655093832},{'mean_absolute_error': 0.19144273387780378},{'mean_absolute_error': 1.1009990573575614},{'mean_absolute_error': 0.20246604465459034},{'mean_absolute_error': 1.0336299480548647}
243,{'mean_absolute_error': 0.16562321030911892},{'mean_absolute_error': 1.130100302301106},{'mean_absolute_error': 0.28005782381289795},{'mean_absolute_error': 1.1106853984162812},{'mean_absolute_error': 0.18220481254448254},{'mean_absolute_error': 1.0388733945005875}
244,{'mean_absolute_error': 0.17198753170566955},{'mean_absolute_error': 1.130444654104426},{'mean_absolute_error': 0.19569426563136946},{'mean_absolute_error': 1.0692825971493767},{'mean_absolute_error': 0.19726998319022387},{'mean_absolute_error': 1.0614277861364536}
245,{'mean_absolute_error': 0.20629444274738426},{'mean_absolute_error': 1.1359291058212873},{'mean_absolute_error': 0.18476586192030334},{'mean_absolute_error': 1.0770975885031544},{'mean_absolute_error': 0.21716557519294918},{'mean_absolute_error': 1.0819930755483949}
246,{'mean_absolute_error': 0.19504526951998605},{'mean_absolute_error': 1.112185649031003},{'mean_absolute_error': 0.20758431025140456},{'mean_absolute_error': 1.1063165335174583},{'mean_absolute_error': 0.1918700164721855},{'mean_absolute_error': 1.0470934471795248}
247,{'mean_absolute_error': 0.2256537517060537},{'mean_absolute_error': 1.1423406385767052},{'mean_absolute_error': 0.20723564312017412},{'mean_absolute_error': 1.0752095287434054},{'mean_absolute_error': 0.22004714025219943},{'mean_absolute_error': 1.0572919852465466}
248,{'mean_absolute_error': 0.17313847287854936},{'mean_absolute_error': 1.1212607685691598},{'mean_absolute_error': 0.23407855768807614},{'mean_absolute_error': 1.0816865276419703},{'mean_absolute_error': 0.17039040496791197},{'mean_absolute_error': 1.0447011033024487}
249,{'mean_absolute_error': 0.18642738755426802},{'mean_absolute_error': 1.1180087341671665},{'mean_absolute_error': 0.18034827842167567},{'mean_absolute_error': 1.0713209918301838},{'mean_absolute_error': 0.3366703883150186},{'mean_absolute_error': 1.0629329930252298}
