,ids,smiles,task1
0,846518,COc1ccc(\N=N/c2cccc(C(=O)O)c2C#N)cc1-c1ccccc1,4.113590357939699
1,1056698,COc1cccc(-c2ccccc2)c1\N=N/c1cc(C)c(C(=O)O)cc1C,0.3671896137460829
2,980709,COc1cc(-c2ccccc2)cc(F)c1\N=N/c1cc(F)ccc1C(=O)O,4.121508853385124
3,538211,COc1c(C)cccc1\N=N/c1ccc(-c2ccccc2)c(OC)c1-c1ccccc1,4.265157435797052
4,1082687,COc1cc(\N=N/c2ccc(C#N)c(-c3ccccc3)c2C(=O)O)ccc1-c1ccccc1,0.5509204772509129
5,880656,COc1cc(C(=O)O)c(\N=N/c2cc(C(=O)O)ccc2C#N)cc1-c1ccccc1,4.699504598586252
6,948991,Cc1cc(C(=O)O)ccc1\N=N/c1c(-c2ccccc2)ccc(C)c1C,2.379031684524875
7,280041,COc1cc(\N=N/c2c(C)ccc(-c3ccccc3)c2C#N)ccc1C(=O)O,0.5233554054596694
8,175660,Fc1ccccc1\N=N/c1c(F)ccc(F)c1F,3.5370368129402476
9,653467,COc1cc(C(=O)O)ccc1\N=N/c1cc(C(=O)O)cc(OC)c1-c1ccccc1,4.001833447924045
10,601997,COc1cccc(\N=N/c2c(C(=O)O)ccc(C)c2-c2ccccc2)c1F,5.025904436802392
11,490604,COc1cccc(\N=N/c2cc(F)cc(C)c2OC)c1C,2.514816194134194
12,860583,N#Cc1cc(\N=N/c2cc(F)c(F)cc2C#N)cc(C(=O)O)c1,2.2637100910026087
13,712132,N#Cc1cc(C#N)c(\N=N/c2ccc(C(=O)O)c(C(=O)O)c2)c(-c2ccccc2)c1,0.9166406794739109
14,43702,N#Cc1cc(F)c(\N=N/c2ccc(C(=O)O)cc2)c(C(=O)O)c1,0.9795260505548136
15,705373,COc1cc(C)cc(C)c1\N=N/c1cccc(C(=O)O)c1C(=O)O,1.8989967077892622
16,553505,COc1ccc(F)cc1\N=N/c1c(C(=O)O)cc(C)cc1C(=O)O,5.841727158747403
17,804490,COc1c(C(=O)O)ccc(C(=O)O)c1\N=N/c1ccc(C(=O)O)cc1-c1ccccc1,3.234446883715573
18,20138,COc1ccccc1\N=N/c1c(C)cccc1F,2.856073415571502
19,242477,COc1cccc(\N=N/c2cc(-c3ccccc3)c(C)cc2-c2ccccc2)c1OC,4.65022488978707
20,107689,N#Cc1ccccc1\N=N/c1cc(F)cc(C(=O)O)c1,1.6143934641065294
21,576801,COc1ccc(F)c(\N=N/c2cc(C(=O)O)cc(F)c2OC)c1,2.9946334802799814
22,789075,COc1cc(F)cc(\N=N/c2cc(C(=O)O)cc(-c3ccccc3)c2)c1-c1ccccc1,2.756724869565687
23,257532,COc1c(\N=N/c2ccc(F)c(C)c2OC)cccc1C(=O)O,4.108474628914842
24,220425,COc1ccc(\N=N/c2c(OC)ccc(C(=O)O)c2C)c(OC)c1,3.9226212820988895
25,1019759,Cc1ccc(\N=N/c2ccc(C(=O)O)cc2F)c(F)c1F,2.4931831911028546
26,312358,COc1cc(C#N)c(C)c(\N=N/c2cccc(OC)c2C(=O)O)c1,1.1423314054591578
27,910398,COc1ccc(\N=N/c2cc(C)ccc2C(=O)O)c(C)c1C#N,2.1477898483289333
28,997548,COc1cc(C(=O)O)c(OC)cc1\N=N/c1cc(F)cc(C(=O)O)c1,2.794929569264887
29,1189744,Cc1ccc(\N=N/c2cc(-c3ccccc3)ccc2-c2ccccc2)c(C(=O)O)c1C(=O)O,-1.9530656097069072
30,1154520,COc1ccc(C)c(\N=N/c2ccc(-c3ccccc3)c(C(=O)O)c2)c1-c1ccccc1,1.7495249019216237
31,1108826,COc1cccc(\N=N/c2c(F)ccc(F)c2C(=O)O)c1-c1ccccc1,2.442379648131585
32,983368,COc1cc(C(=O)O)cc(\N=N/c2c(F)cccc2C(=O)O)c1OC,-1.2583877047522471
33,516230,COc1ccc(\N=N/c2c(C)ccc(OC)c2C#N)cc1C,2.282921286150215
34,1137383,N#Cc1cc(-c2ccccc2)ccc1\N=N/c1cc(C(=O)O)cc(-c2ccccc2)c1,2.827882483319816
35,630717,COc1cccc(C(=O)O)c1\N=N/c1c(OC)cc(F)cc1-c1ccccc1,1.6456048533871706
36,904801,Cc1ccc(\N=N/c2c(F)cc(C(=O)O)cc2C(=O)O)c(C(=O)O)c1,0.9719885136462234
37,607935,COc1cccc(F)c1\N=N/c1c(C(=O)O)ccc(C)c1F,2.714601739132074
38,1171853,Cc1c(\N=N/c2c(C(=O)O)cccc2-c2ccccc2)cc(C(=O)O)cc1-c1ccccc1,-1.8667512881713741
39,515285,COc1ccc(\N=N/c2c(C)ccc(C(=O)O)c2C)cc1C,1.9316230859439851
40,596667,COc1ccc(F)c(\N=N/c2c(C#N)cc(F)cc2C(=O)O)c1,2.1120341678472494
41,225178,COc1ccc(\N=N/c2ccc(C#N)c(C#N)c2OC)cc1OC,3.8329055449975664
42,80085,Cc1cc(C(=O)O)c(C)cc1\N=N/c1ccccc1-c1ccccc1,-1.3226880647134187
43,174548,Cc1cc(-c2ccccc2)cc(\N=N/c2ccccc2F)c1C,2.041094244689133
44,873834,COc1cc(C)c(C)cc1\N=N/c1ccc(C(=O)O)c(C#N)c1,3.641011284123704
45,283993,COc1cc(\N=N/c2cc(C(=O)O)cc(C#N)c2C(=O)O)cc(C(=O)O)c1,0.20120053387196143
46,364557,COc1ccc(\N=N/c2ccc(OC)c(C(=O)O)c2)c(-c2ccccc2)c1,5.961865156721916
47,897567,Cc1c(\N=N/c2cccc(C#N)c2C(=O)O)ccc(-c2ccccc2)c1F,1.7273204610664703
48,796367,COc1c(-c2ccccc2)ccc(\N=N/c2ccc(C(=O)O)cc2-c2ccccc2)c1-c1ccccc1,1.8170906208291708
49,503272,COc1cc(C)cc(\N=N/c2ccc(C#N)c(OC)c2F)c1,2.24664859049372
50,208442,COc1ccc(\N=N/c2c(C)cc(C)cc2C(=O)O)cc1OC,3.799734940340438
51,299368,COc1ccc(\N=N/c2c(-c3ccccc3)cc(C)cc2-c2ccccc2)cc1C(=O)O,2.916591401411487
52,536749,COc1cccc(C)c1\N=N/c1c(F)ccc(OC)c1OC,5.8310603195180395
53,532921,COc1cccc(C)c1\N=N/c1cccc(C#N)c1C#N,3.28941375935105
54,242827,COc1cccc(\N=N/c2c(-c3ccccc3)ccc(F)c2C)c1OC,-2.731690450956183
55,456093,COc1cccc(\N=N/c2ccc(-c3ccccc3)cc2C(=O)O)c1C#N,2.476910819007605
56,307217,COc1ccc(C(=O)O)c(\N=N/c2c(OC)cc(C(=O)O)cc2C(=O)O)c1,-0.8846129504520355
57,268353,COc1cccc(C(=O)O)c1\N=N/c1cc(F)ccc1C,1.45673104954845
58,611592,COc1c(F)cccc1\N=N/c1c(C)cc(-c2ccccc2)cc1C#N,3.70827767845864
59,443035,COc1ccc(\N=N/c2c(-c3ccccc3)ccc(C(=O)O)c2-c2ccccc2)cc1C#N,3.275753674420326
60,692093,COc1cc(F)cc(\N=N/c2ccc(C(=O)O)cc2C(=O)O)c1-c1ccccc1,2.1009319474258596
61,591473,COc1ccc(\N=N/c2c(OC)cc(-c3ccccc3)cc2C(=O)O)c(F)c1,3.8413138442840196
62,314759,COc1cccc(\N=N/c2c(C)cc(C#N)cc2F)c1C(=O)O,2.207137747218445
63,434058,COc1ccc(C#N)c(\N=N/c2cc(-c3ccccc3)cc(C(=O)O)c2C)c1,1.89665653387594
64,1074092,COc1ccc(-c2ccccc2)cc1\N=N/c1c(-c2ccccc2)ccc(-c2ccccc2)c1F,2.6602063013142225
65,354441,COc1cc(\N=N/c2c(-c3ccccc3)ccc(F)c2C#N)ccc1-c1ccccc1,3.660576226492924
66,342875,COc1cccc(-c2ccccc2)c1\N=N/c1cc(-c2ccccc2)cc(C)c1C#N,4.346301605658725
67,1143785,COc1cc(C#N)c(\N=N/c2cc(-c3ccccc3)ccc2C(=O)O)c(-c2ccccc2)c1,1.152535652175089
68,614561,COc1cc(\N=N/c2cccc(OC)c2C(=O)O)c(C#N)c(C(=O)O)c1,0.5452333104146168
69,166353,Cc1ccc(\N=N/c2ccccc2F)c(C#N)c1,2.602463870579585
70,538316,COc1ccc(C#N)c(\N=N/c2cccc(C)c2OC)c1C(=O)O,4.249021120321217
71,522903,COc1ccc(\N=N/c2c(F)cc(C)cc2-c2ccccc2)c(C)c1,4.7080761658197146
72,332385,COc1cc(-c2ccccc2)ccc1\N=N/c1c(C(=O)O)ccc(C#N)c1C#N,3.3122712719942413
73,497517,COc1cc(\N=N/c2ccc(-c3ccccc3)c(C)c2C#N)ccc1C,3.382666968656139
74,802981,COc1c(\N=N/c2ccc(C(=O)O)c(-c3ccccc3)c2)ccc(C)c1C,2.8998292254813967
75,13965,COc1ccc(\N=N/c2c(F)ccc(C)c2F)cc1,4.510521949443338
76,136803,COc1ccc(C#N)c(\N=N/c2ccccc2C)c1,0.3049845257808131
77,279839,COc1cc(\N=N/c2cc(-c3ccccc3)cc(-c3ccccc3)c2F)ccc1C(=O)O,2.6234982244657026
78,452705,COc1ccc(C#N)c(\N=N/c2c(C(=O)O)ccc(F)c2-c2ccccc2)c1,1.286850750255136
79,66385,COc1c(C#N)ccc(C#N)c1\N=N/c1cccc(-c2ccccc2)c1,3.1383364853409126
80,629544,COc1cccc(C(=O)O)c1\N=N/c1cc(C(=O)O)c(C(=O)O)cc1C(=O)O,0.14783912638517005
81,1150328,Cc1cc(\N=N/c2ccc(-c3ccccc3)cc2C(=O)O)c(C(=O)O)cc1C,2.581048558144258
82,123466,COc1c(\N=N/c2cccc(C)c2)ccc(C(=O)O)c1C#N,2.640124343782566
83,1165769,COc1cc(C)c(\N=N/c2cccc(-c3ccccc3)c2C(=O)O)c(C(=O)O)c1,3.1443229767436325
84,245259,COc1cccc(OC)c1\N=N/c1c(C(=O)O)ccc(C#N)c1C(=O)O,6.952683906972723
85,257005,COc1c(\N=N/c2c(-c3ccccc3)ccc(-c3ccccc3)c2C)cccc1C(=O)O,2.5375376501517835
86,1090865,COc1ccc(-c2ccccc2)cc1\N=N/c1c(C)cccc1C#N,3.474287498484946
87,187600,COc1ccc(\N=N/c2c(-c3ccccc3)ccc(F)c2C(=O)O)c(OC)c1,5.139729407480166
88,1156754,COc1cc(C)cc(\N=N/c2ccc(-c3ccccc3)cc2C(=O)O)c1C(=O)O,1.4176555874590127
89,110801,Cc1ccc(\N=N/c2ccccc2C#N)c(F)c1C#N,5.459380837207542
90,888342,COc1ccc(F)c(C(=O)O)c1\N=N/c1cccc(C(=O)O)c1C#N,2.383848088983308
91,259759,COc1cc(C(=O)O)ccc1\N=N/c1cc(-c2ccccc2)c(C(=O)O)cc1F,3.6863725621822847
92,874954,N#Cc1ccc(\N=N/c2ccc(C(=O)O)cc2C#N)c(C#N)c1,3.15251358544026
93,268050,COc1cccc(C(=O)O)c1\N=N/c1ccc(-c2ccccc2)cc1-c1ccccc1,1.2322648331688677
94,851893,COc1c(\N=N/c2ccc(C#N)c(C(=O)O)c2)ccc(C#N)c1-c1ccccc1,3.242773549037802
95,251247,COc1cccc(\N=N/c2ccc(C#N)c(C)c2OC)c1OC,3.859708699696579
96,1086362,COc1cc(-c2ccccc2)ccc1\N=N/c1cc(-c2ccccc2)c(OC)cc1OC,5.10642274620981
97,847864,N#Cc1c(\N=N/c2cc(C(=O)O)c(-c3ccccc3)cc2C(=O)O)cccc1C(=O)O,2.238648461071697
98,177760,COc1c(-c2ccccc2)ccc(F)c1\N=N/c1ccccc1,-0.8010741840218498
99,1182078,N#Cc1cc(\N=N/c2cccc(-c3ccccc3)c2-c2ccccc2)cc(-c2ccccc2)c1C#N,3.1027168614786427
100,976268,N#Cc1cc(C(=O)O)cc(\N=N/c2ccc(F)cc2C(=O)O)c1C(=O)O,2.773323777548768
101,1054798,COc1cccc(-c2ccccc2)c1\N=N/c1cc(C(=O)O)c(C#N)cc1F,4.863452829119662
102,406954,COc1cc(C#N)ccc1\N=N/c1cc(C)c(C)cc1-c1ccccc1,4.838690523761361
103,147795,COc1cc(C(=O)O)cc(\N=N/c2ccccc2F)c1-c1ccccc1,4.103250054604353
104,1027890,Cc1ccc(\N=N/c2cccc(C(=O)O)c2F)c(C#N)c1C(=O)O,4.522903102119395
105,588063,COc1ccc(\N=N/c2cc(C#N)c(C(=O)O)c(-c3ccccc3)c2)cc1F,3.5295264873592527
106,229520,COc1ccc(F)c(\N=N/c2ccc(OC)cc2OC)c1,5.2277580424623915
107,786401,COc1ccc(\N=N/c2cc(C(=O)O)cc(-c3ccccc3)c2)c(C(=O)O)c1-c1ccccc1,2.479604740142541
108,11818,COc1ccc(\N=N/c2cc(OC)c(OC)c(-c3ccccc3)c2)cc1,4.505569488371678
109,207821,COc1ccc(\N=N/c2cc(C#N)cc(-c3ccccc3)c2C#N)cc1OC,4.871697860465293
110,1064227,COc1ccc(\N=N/c2ccc(C(=O)O)c(C#N)c2C)cc1-c1ccccc1,3.069954426692131
111,991700,COc1ccc(C#N)c(\N=N/c2cccc(C(=O)O)c2F)c1F,2.951313051568299
112,1173953,O=C(O)c1cc(F)c(C(=O)O)c(\N=N/c2c(C(=O)O)cccc2-c2ccccc2)c1,-1.9470246956489972
113,805558,COc1cc(\N=N/c2ccc(C(=O)O)cc2-c2ccccc2)cc(C(=O)O)c1C,3.232623724977061
114,878768,Cc1cc(\N=N/c2ccc(C(=O)O)cc2C#N)cc(F)c1F,2.9893544833143024
115,352674,COc1cc(\N=N/c2cc(F)cc(F)c2-c2ccccc2)ccc1-c1ccccc1,3.7576118099130116
116,457151,COc1cc(\N=N/c2cccc(OC)c2C#N)c(C(=O)O)c(OC)c1,2.6921796076809077
117,197188,COc1cc(F)c(\N=N/c2c(OC)cccc2OC)cc1-c1ccccc1,5.818270996965178
118,1123274,Cc1cc(F)cc(F)c1\N=N/c1cc(C(=O)O)ccc1-c1ccccc1,3.7108899656231653
119,727700,O=C(O)c1ccc(\N=N/c2c(F)ccc(-c3ccccc3)c2-c2ccccc2)c(C(=O)O)c1,3.890158171891176
120,573642,COc1cc(F)cc(\N=N/c2ccc(C)c(OC)c2C#N)c1,1.404213193124301
121,217069,COc1ccc(OC)c(\N=N/c2c(C)cc(-c3ccccc3)cc2C)c1,2.8022766268926853
122,719697,COc1c(F)ccc(-c2ccccc2)c1\N=N/c1cc(C(=O)O)ccc1C(=O)O,3.914893265921882
123,511667,COc1ccc(\N=N/c2cc(C#N)c(-c3ccccc3)c(C#N)c2)c(C)c1,3.7256385035401394
124,667530,COc1ccc(C(=O)O)cc1\N=N/c1c(C(=O)O)ccc(C(=O)O)c1OC,3.5945071304360567
125,299521,COc1ccc(\N=N/c2c(-c3ccccc3)ccc(C#N)c2F)cc1C(=O)O,4.879997314459927
126,749173,Cc1cc(C(=O)O)c(-c2ccccc2)cc1\N=N/c1c(C(=O)O)cccc1C(=O)O,1.9667256946438187
127,656239,COc1cc(C(=O)O)ccc1\N=N/c1c(F)ccc(C(=O)O)c1C(=O)O,-3.486641439839595
128,804347,O=C(O)c1ccc(\N=N/c2cccc(F)c2F)c(-c2ccccc2)c1,4.789628505564379
129,96741,Cc1cc(\N=N/c2cccc(C#N)c2)c(C#N)cc1C#N,3.8926071911025044
130,996419,COc1cc(C)c(\N=N/c2ccc(F)c(C(=O)O)c2)cc1F,3.590153318503431
131,971988,Cc1ccc(\N=N/c2cccc(F)c2C(=O)O)c(C#N)c1C,2.498761512641144
132,306331,COc1ccc(\N=N/c2cc(F)cc(C)c2OC)c(C(=O)O)c1,6.687944930231821
133,226610,COc1ccc(\N=N/c2cc(C#N)c(-c3ccccc3)cc2-c2ccccc2)cc1OC,4.9628557977806675
134,910912,Cc1ccc(C(=O)O)c(\N=N/c2c(F)ccc(C#N)c2C)c1,3.1147442669330854
135,698943,COc1c(C(=O)O)ccc(F)c1\N=N/c1cc(C(=O)O)ccc1C(=O)O,2.168579300303818
136,125287,Cc1cccc(\N=N/c2cc(C)c(C#N)c(C#N)c2)c1,1.8740711344839518
137,129968,Cc1ccc(\N=N/c2ccc(C(=O)O)c(-c3ccccc3)c2C#N)cc1,2.773704736097977
138,1135267,N#Cc1cc(C(=O)O)c(C(=O)O)cc1\N=N/c1ccc(C(=O)O)c(-c2ccccc2)c1,2.0806867219471936
139,1049717,COc1ccc(-c2ccccc2)c(\N=N/c2c(C(=O)O)ccc(OC)c2C#N)c1,0.22364987664453534
140,8326,COc1cccc(\N=N/c2cc(C#N)cc(F)c2C)c1,1.3616274701772546
141,27486,COc1ccccc1\N=N/c1ccc(C(=O)O)c(-c2ccccc2)c1C#N,3.685610645096241
142,28218,COc1ccccc1\N=N/c1cc(C)c(-c2ccccc2)cc1-c1ccccc1,3.532601367037211
143,235329,COc1ccc(OC)c(\N=N/c2cc(C(=O)O)c(C(=O)O)cc2C(=O)O)c1,2.2844451203223026
144,113679,COc1ccc(C(=O)O)c(\N=N/c2ccccc2C#N)c1C(=O)O,1.842315518700905
145,493995,COc1cc(F)c(C#N)cc1\N=N/c1cccc(OC)c1C,3.0629066936307563
146,299906,COc1ccc(\N=N/c2ccc(-c3ccccc3)c(C#N)c2F)cc1C(=O)O,3.852388853384001
147,258592,COc1cc(C(=O)O)ccc1\N=N/c1ccc(C)cc1F,3.2102832275024933
148,334833,COc1cc(F)c(OC)c(\N=N/c2ccc(-c3ccccc3)cc2OC)c1,3.9554109282129963
149,798885,N#Cc1c(C(=O)O)ccc(F)c1\N=N/c1ccc(C(=O)O)cc1-c1ccccc1,3.2041334681527642
150,633075,COc1c(\N=N/c2cccc(C(=O)O)c2F)cccc1C(=O)O,3.68082145197159
151,846761,Cc1ccc(\N=N/c2cccc(C(=O)O)c2C#N)c(C)c1,2.6957987138488977
152,669555,COc1ccc(C(=O)O)cc1\N=N/c1ccc(F)c(C#N)c1C(=O)O,4.181482612735078
153,564134,COc1cc(C(=O)O)c(C#N)cc1\N=N/c1cccc(OC)c1F,3.6749982285158795
154,671803,COc1cc(\N=N/c2cccc(C(=O)O)c2OC)c(C(=O)O)c(-c2ccccc2)c1,0.908014689585258
155,444838,COc1ccc(\N=N/c2ccc(C#N)c(F)c2C#N)cc1C#N,4.016064970678583
156,759931,COc1ccc(C)c(-c2ccccc2)c1\N=N/c1cccc(-c2ccccc2)c1C(=O)O,3.720658831140884
157,1114882,COc1cc(C)cc(C)c1\N=N/c1ccc(C(=O)O)cc1-c1ccccc1,4.678905625885972
158,567802,COc1cc(\N=N/c2ccc(C)c(C#N)c2C(=O)O)ccc1F,1.5235620626913613
159,585057,COc1ccc(\N=N/c2ccc(C(=O)O)c(C)c2F)c(F)c1,5.067809876639993
160,523491,COc1ccc(C)c(\N=N/c2cccc(OC)c2F)c1,2.448883154696741
161,761990,COc1ccc(-c2ccccc2)c(\N=N/c2ccc(-c3ccccc3)cc2C(=O)O)c1OC,3.743353075837066
162,154332,N#Cc1cc(-c2ccccc2)c(-c2ccccc2)cc1\N=N/c1cccc(F)c1,2.4058076279086666
163,73840,O=C(O)c1cccc(F)c1\N=N/c1cccc(-c2ccccc2)c1,1.6814421678454532
164,862410,N#Cc1ccc(C(=O)O)cc1\N=N/c1ccc(C#N)c(F)c1C(=O)O,6.636461104144919
165,864161,COc1cc(-c2ccccc2)c(C)cc1\N=N/c1cc(C(=O)O)ccc1C#N,4.1176992679425295
166,6603,COc1cccc(\N=N/c2cc(C(=O)O)c(C#N)c(-c3ccccc3)c2)c1,1.4573841213364878
167,538875,COc1c(C)cccc1\N=N/c1c(C(=O)O)ccc(C(=O)O)c1F,1.8384515106154946
168,685928,COc1cc(\N=N/c2cccc(C(=O)O)c2C(=O)O)cc(OC)c1C(=O)O,3.117247708793417
169,586192,COc1ccc(\N=N/c2ccc(C)c(C#N)c2OC)cc1F,4.5327263902923045
170,324546,COc1c(\N=N/c2c(C)ccc(C)c2OC)cccc1C(=O)O,2.112061379174844
171,679500,COc1cccc(C(=O)O)c1\N=N/c1cc(C)cc(-c2ccccc2)c1C,2.132850831143542
172,22922,COc1ccccc1\N=N/c1c(C#N)ccc(F)c1OC,4.200748230537874
173,248890,COc1cccc(\N=N/c2cccc(C)c2C)c1OC,4.102025544998689
174,41335,O=C(O)c1ccc(\N=N/c2c(-c3ccccc3)ccc(-c3ccccc3)c2C(=O)O)cc1,4.459718406472069
175,928570,Cc1cc(\N=N/c2cc(-c3ccccc3)cc(C(=O)O)c2C(=O)O)cc(C(=O)O)c1,2.710492829123056
176,439215,COc1ccc(\N=N/c2ccc(C)c(-c3ccccc3)c2C)c(C#N)c1,3.6529298442863274
177,1091580,COc1cc(C)c(F)c(\N=N/c2cc(-c3ccccc3)ccc2OC)c1,3.51170306976432
178,474202,COc1c(C)cccc1\N=N/c1ccc(C)c(OC)c1C,2.8442092780578814
179,942299,COc1c(\N=N/c2ccc(C(=O)O)c(C)c2)ccc(C(=O)O)c1C,2.3517931486338375
180,401421,COc1c(C#N)cccc1\N=N/c1cc(C#N)cc(C)c1-c1ccccc1,4.118025803842736
181,836219,Cc1cc(C(=O)O)c(\N=N/c2ccc(C#N)cc2C(=O)O)cc1F,1.6752379858405335
182,737843,N#Cc1cc(F)ccc1\N=N/c1cc(C(=O)O)ccc1C(=O)O,3.381197557126867
183,807567,Cc1ccc(\N=N/c2ccc(C(=O)O)cc2-c2ccccc2)c(C)c1-c1ccccc1,0.3268080080867573
184,721477,N#Cc1c(-c2ccccc2)ccc(C(=O)O)c1\N=N/c1cc(C(=O)O)ccc1C(=O)O,-2.6395256946435315
185,12625,COc1ccc(\N=N/c2c(C)ccc(C#N)c2OC)cc1,3.651133896863037
186,1084783,COc1cc(\N=N/c2cc(C)cc(OC)c2-c2ccccc2)ccc1-c1ccccc1,3.6427528088979915
187,1108543,COc1cccc(\N=N/c2cc(C)cc(C#N)c2F)c1-c1ccccc1,4.112556327602452
188,595679,COc1ccc(F)c(\N=N/c2c(C(=O)O)ccc(OC)c2C#N)c1,3.0497908351838765
189,494043,COc1cccc(\N=N/c2ccc(C#N)c(C#N)c2F)c1C,1.5172218240670272
190,1094272,COc1ccc(-c2ccccc2)cc1\N=N/c1c(C)cc(C#N)cc1-c1ccccc1,4.115277460064983
191,805329,O=C(O)c1ccc(\N=N/c2cc(C(=O)O)cc(-c3ccccc3)c2C(=O)O)c(-c2ccccc2)c1,2.824481067747839
192,310524,COc1ccc(C(=O)O)c(\N=N/c2cc(C)c(C)cc2C)c1,1.957065674417919
193,1012329,COc1cc(C(=O)O)c(C(=O)O)cc1\N=N/c1ccc(C(=O)O)c(F)c1,3.0226611445908453
194,157025,COc1cc(C(=O)O)c(\N=N/c2ccc(F)cc2)cc1-c1ccccc1,3.548846527804865
195,743972,N#Cc1cc(\N=N/c2cccc(C(=O)O)c2C(=O)O)c(F)cc1C(=O)O,4.4952836076853355
196,448815,COc1ccc(\N=N/c2cc(C)c(-c3ccccc3)cc2C#N)c(C#N)c1,4.971209674418118
197,856828,COc1ccc(\N=N/c2cc(C#N)cc(C(=O)O)c2)c(C(=O)O)c1C,4.505814390295286
198,798330,Cc1ccc(\N=N/c2ccc(C(=O)O)cc2-c2ccccc2)c(C)c1C,3.604684165824393
199,861770,COc1c(C(=O)O)ccc(\N=N/c2cc(C(=O)O)ccc2C#N)c1C(=O)O,0.8590887280076905
200,891123,COc1c(\N=N/c2c(C#N)cccc2C(=O)O)cc(C#N)cc1-c1ccccc1,2.8224402184009403
201,1018174,Cc1cc(C)c(-c2ccccc2)cc1\N=N/c1ccc(C(=O)O)cc1F,1.8791868634964344
202,1024390,Cc1c(F)ccc(\N=N/c2cc(C(=O)O)ccc2F)c1C#N,2.9375169100119733
203,892981,COc1cc(F)c(\N=N/c2c(C#N)cccc2C(=O)O)cc1C#N,3.6856378564176486
204,1028452,COc1ccc(-c2ccccc2)c(\N=N/c2cccc(C(=O)O)c2F)c1C,1.0071999676440635
205,702512,N#Cc1cc(\N=N/c2c(C(=O)O)cccc2C(=O)O)c(-c2ccccc2)c(-c2ccccc2)c1,1.367886074818803
206,102732,COc1c(F)cccc1\N=N/c1cccc(C#N)c1,3.347455514658299
207,636787,COc1c(\N=N/c2ccc(C)c(F)c2C#N)cccc1C(=O)O,4.466004222447399
208,1036155,Cc1ccc(C#N)c(\N=N/c2cccc(F)c2C(=O)O)c1C(=O)O,-1.335205274015077
209,1108009,COc1cccc(\N=N/c2cc(C(=O)O)cc(C(=O)O)c2C)c1-c1ccccc1,3.0666890677457554
210,445041,COc1ccc(\N=N/c2ccc(C(=O)O)c(C)c2C(=O)O)cc1C#N,2.478407441864472
211,956089,Cc1c(\N=N/c2ccc(C(=O)O)c(C#N)c2C(=O)O)cccc1C(=O)O,2.0115427462061812
212,199232,COc1cccc(OC)c1\N=N/c1cc(C)cc(F)c1F,4.923317743177797
213,11244,COc1ccc(\N=N/c2ccc(C(=O)O)c(C(=O)O)c2C(=O)O)cc1,2.2111378119294565
214,875483,COc1cc(-c2ccccc2)cc(C#N)c1\N=N/c1ccc(C(=O)O)cc1C#N,4.433078519720065
215,1117388,Cc1cc(\N=N/c2ccc(C(=O)O)cc2-c2ccccc2)c(C#N)cc1C(=O)O,3.5076757937319005
216,351464,COc1cc(\N=N/c2cc(C(=O)O)c(C(=O)O)cc2C)ccc1-c1ccccc1,1.9044661840233588
217,45671,O=C(O)c1cccc(\N=N/c2cc(-c3ccccc3)cc(C(=O)O)c2F)c1,1.6137131809908964
218,972726,Cc1ccc(C)c(\N=N/c2cccc(F)c2C(=O)O)c1C,1.5499026248707533
219,1075366,COc1ccc(-c2ccccc2)cc1\N=N/c1cc(C#N)cc(C(=O)O)c1C,2.9459252093046135
220,726253,N#Cc1cc(\N=N/c2ccc(C(=O)O)cc2C(=O)O)c(-c2ccccc2)cc1-c1ccccc1,1.7487357735079845
221,717977,COc1c(F)cc(\N=N/c2cc(C(=O)O)cc(C(=O)O)c2)cc1C#N,3.0343075915084534
222,654641,COc1cc(C(=O)O)ccc1\N=N/c1ccc(-c2ccccc2)c(F)c1F,3.363265294233928
223,1050335,COc1ccc(-c2ccccc2)c(\N=N/c2c(C)cc(F)cc2C(=O)O)c1,-1.418145391306228
224,780695,COc1ccc(OC)c(OC)c1\N=N/c1ccc(-c2ccccc2)c(C(=O)O)c1,3.250365508595395
225,119618,COc1c(C#N)cc(-c2ccccc2)cc1\N=N/c1ccccc1C,2.739853848331403
226,68231,COc1cc(\N=N/c2cccc(-c3ccccc3)c2)c(F)cc1C,3.375455967641568
227,239734,COc1ccc(\N=N/c2cccc(OC)c2OC)c(C#N)c1C#N,5.051755195146943
228,794121,COc1c(F)cc(C#N)cc1\N=N/c1cc(C(=O)O)ccc1-c1ccccc1,2.6399610758293695
229,477719,COc1cc(C)ccc1\N=N/c1c(-c2ccccc2)ccc(F)c1-c1ccccc1,2.2884179737119066
230,624965,COc1ccc(C(=O)O)c(\N=N/c2ccc(F)c(-c3ccccc3)c2C(=O)O)c1,1.6886259575324292
231,908708,COc1cc(C)c(C#N)c(\N=N/c2cc(C)ccc2C(=O)O)c1,1.5258750252770883
232,146665,COc1cccc(-c2ccccc2)c1\N=N/c1ccccc1F,2.455685985840695
233,333546,COc1cc(-c2ccccc2)ccc1\N=N/c1ccc(C(=O)O)c(C(=O)O)c1C#N,4.4780860505508455
234,135817,Cc1cccc(\N=N/c2ccc(C(=O)O)c(C)c2C)c1,1.435696695649958
235,896699,Cc1cc(C(=O)O)c(\N=N/c2cccc(C#N)c2C(=O)O)cc1C#N,2.5154420546008236
236,251531,COc1cccc(\N=N/c2cc(C#N)cc(C#N)c2OC)c1OC,3.9480910819004187
237,83438,N#Cc1cc(\N=N/c2ccccc2-c2ccccc2)ccc1-c1ccccc1,-0.741127635993304
238,358781,COc1cc(\N=N/c2cc(C#N)c(C)cc2C)cc(-c2ccccc2)c1,0.20906460667457044
239,1266,COc1ccccc1\N=N/c1ccc(OC)c(C)c1F,4.118325128415346
240,887599,COc1cc(C)cc(F)c1\N=N/c1cccc(C(=O)O)c1C#N,3.437388942361822
241,1018819,COc1c(\N=N/c2ccc(C(=O)O)cc2F)ccc(C#N)c1C,3.074770831144377
242,753820,COc1c(-c2ccccc2)ccc(F)c1\N=N/c1cccc(C(=O)O)c1C(=O)O,1.0002338685530998
243,1095057,COc1ccc(-c2ccccc2)cc1\N=N/c1cc(F)c(C#N)c(F)c1,3.2902028877646896
244,1385,COc1ccccc1\N=N/c1c(OC)ccc(C(=O)O)c1C,2.6487775449988145
245,96950,Cc1c(\N=N/c2cccc(C#N)c2)ccc(-c2ccccc2)c1F,1.945446438827906
246,370678,COc1ccc(\N=N/c2cc(C(=O)O)cc(OC)c2C(=O)O)cc1-c1ccccc1,2.3698614681461905
247,978851,COc1ccc(\N=N/c2cc(F)ccc2C(=O)O)c(C#N)c1C(=O)O,7.375248566224901
248,960570,COc1cc(F)c(C)c(\N=N/c2c(C)cccc2C(=O)O)c1,1.5053304752258114
249,988322,COc1cc(-c2ccccc2)c(-c2ccccc2)cc1\N=N/c1cccc(C(=O)O)c1F,4.5226037775529715
250,30155,COc1ccc(C)c(\N=N/c2ccccc2C(=O)O)c1C(=O)O,-0.15102285136732171
251,1075261,COc1ccc(-c2ccccc2)cc1\N=N/c1ccc(C)c(OC)c1C#N,3.7398972376098985
252,759627,N#Cc1cc(C#N)c(\N=N/c2cccc(-c3ccccc3)c2C(=O)O)cc1F,-0.11360728008176092
253,323833,COc1cc(F)c(\N=N/c2cccc(C(=O)O)c2OC)c(C#N)c1,4.528780748230296
254,925778,Cc1ccc(\N=N/c2c(C)cc(F)cc2C(=O)O)cc1C(=O)O,3.5572276157760974
255,1076699,COc1cc(-c2ccccc2)ccc1\N=N/c1cc(-c2ccccc2)ccc1F,4.5129165460056635
256,146222,Cc1ccccc1\N=N/c1c(F)ccc(C#N)c1F,2.593647401416327
257,401551,COc1c(C#N)cccc1\N=N/c1ccc(F)c(C#N)c1C#N,8.958131316484366
258,880353,COc1c(C#N)cc(F)cc1\N=N/c1cc(C(=O)O)ccc1C#N,7.729050208291462
259,189360,COc1ccc(\N=N/c2c(C)ccc(C#N)c2C)c(OC)c1,3.534097989887891
260,999932,N#Cc1cc(F)c(-c2ccccc2)c(\N=N/c2cc(F)cc(C(=O)O)c2)c1,3.3520542285145325
261,310897,COc1ccc(C(=O)O)c(\N=N/c2c(F)cc(C(=O)O)cc2F)c1,1.7673483195165562
262,179544,Cc1c(C#N)cc(F)cc1\N=N/c1ccccc1,1.8237301840261155
263,1142821,COc1c(C)cc(C#N)cc1\N=N/c1cc(-c2ccccc2)ccc1C(=O)O,1.6275365338748173
264,954264,Cc1ccc(C(=O)O)cc1\N=N/c1c(C#N)ccc(C(=O)O)c1F,3.5069955106162674
265,602099,COc1cc(\N=N/c2cccc(OC)c2F)c(-c2ccccc2)cc1F,4.098977876642139
266,439023,COc1ccc(\N=N/c2cc(-c3ccccc3)c(C#N)cc2OC)c(C#N)c1,5.054884497473904
267,982915,N#Cc1ccc(\N=N/c2cc(F)ccc2C(=O)O)c(F)c1F,2.0295566430695313
268,738319,COc1c(-c2ccccc2)ccc(-c2ccccc2)c1\N=N/c1cc(C(=O)O)ccc1C(=O)O,1.799947486349871
269,984133,COc1cc(\N=N/c2c(F)cccc2C(=O)O)c(C#N)c(C(=O)O)c1,1.7174971728997481
270,1050602,COc1ccc(-c2ccccc2)c(\N=N/c2cc(C(=O)O)c(-c3ccccc3)cc2F)c1,3.1731397694619483
271,1190018,COc1c(C)cc(C(=O)O)cc1\N=N/c1cc(-c2ccccc2)ccc1-c1ccccc1,3.8258578119300046
272,248768,COc1cccc(\N=N/c2ccc(C#N)cc2-c2ccccc2)c1OC,5.355270309404672
273,444369,COc1ccc(\N=N/c2cc(C#N)c(C(=O)O)cc2C#N)cc1C#N,4.096746548026823
274,254421,COc1ccc(C)c(C)c1\N=N/c1cccc(C(=O)O)c1OC,2.5962868999022604
275,1056373,COc1cccc(-c2ccccc2)c1\N=N/c1cc(F)cc(C#N)c1OC,4.004853904952999
276,1073357,COc1ccc(-c2ccccc2)cc1\N=N/c1cc(-c2ccccc2)c(C(=O)O)cc1C,3.9625675065723773
277,62998,COc1cc(F)cc(\N=N/c2ccccc2-c2ccccc2)c1C(=O)O,2.026073593527143
278,309579,COc1ccc(C(=O)O)c(\N=N/c2c(C#N)ccc(-c3ccccc3)c2F)c1,3.243481043474843
279,336312,COc1ccc(-c2ccccc2)cc1\N=N/c1c(OC)ccc(OC)c1-c1ccccc1,2.79090229322628
280,454048,COc1ccc(C#N)c(\N=N/c2cc(C(=O)O)cc(-c3ccccc3)c2C#N)c1,2.0139645540961015
281,610581,COc1c(F)cccc1\N=N/c1ccc(-c2ccccc2)c(C(=O)O)c1C(=O)O,2.9159655409510448
282,526557,COc1ccc(C)c(\N=N/c2cc(C)c(OC)c(F)c2)c1,2.8736791425642347
283,586574,COc1cc(\N=N/c2ccc(OC)c(F)c2)c(C(=O)O)c(C(=O)O)c1,2.189668076845126
284,408080,COc1ccc(C#N)cc1\N=N/c1ccc(-c2ccccc2)cc1F,4.50186874822709
285,759909,COc1cc(C)c(C(=O)O)c(\N=N/c2cccc(-c3ccccc3)c2C(=O)O)c1,-2.5598509362987563
286,1058978,COc1cc(C)c(F)c(\N=N/c2cccc(-c3ccccc3)c2OC)c1,-2.225940772495434
287,45402,COc1c(C(=O)O)ccc(C#N)c1\N=N/c1cccc(C(=O)O)c1,3.82158563396779
288,289176,COc1ccc(C(=O)O)c(\N=N/c2cc(OC)cc(-c3ccccc3)c2OC)c1,-0.4185101718921629
289,885137,COc1cc(-c2ccccc2)c(\N=N/c2cccc(C(=O)O)c2C#N)cc1C,5.419135288167631
290,1182577,Cc1ccc(\N=N/c2cccc(-c3ccccc3)c2-c2ccccc2)c(C(=O)O)c1C#N,3.9173422851332105
291,600070,COc1cc(\N=N/c2cccc(OC)c2F)c(OC)c(OC)c1,5.411624962586636
292,860621,N#Cc1cc(\N=N/c2ccc(F)c(F)c2F)cc(C(=O)O)c1,3.6816922143556403
293,129950,COc1ccc(-c2ccccc2)c(C#N)c1\N=N/c1ccc(C)cc1,2.9849734600602686
294,163542,COc1cc(C)cc(-c2ccccc2)c1\N=N/c1cccc(F)c1,3.6161401334673964
295,369312,COc1ccc(\N=N/c2cc(F)c(F)c(F)c2)c(-c2ccccc2)c1,5.283949427709721
296,339481,COc1ccc(-c2ccccc2)cc1\N=N/c1cc(C)cc(C)c1C#N,3.667787227501308
297,954899,Cc1c(\N=N/c2cccc(-c3ccccc3)c2F)cccc1C(=O)O,2.953925338726637
298,161298,Fc1cccc(\N=N/c2cc(-c3ccccc3)ccc2-c2ccccc2)c1,3.288243672394389
299,95755,N#Cc1cccc(\N=N/c2c(C#N)cc(C(=O)O)cc2-c2ccccc2)c1,3.7047402062672488
300,1078051,COc1cc(-c2ccccc2)ccc1\N=N/c1c(F)cc(C(=O)O)cc1-c1ccccc1,5.263622568248269
301,156103,COc1cc(F)cc(\N=N/c2cccc(F)c2)c1F,1.1515016218440293
302,533945,COc1cccc(C)c1\N=N/c1ccc(OC)c(C(=O)O)c1C,-0.7639035146660839
303,160154,Cc1cc(-c2ccccc2)cc(\N=N/c2ccc(F)cc2)c1C,2.6563422932226253
304,505886,COc1ccc(C)c(\N=N/c2cc(-c3ccccc3)cc(OC)c2-c2ccccc2)c1,2.821977625887507
305,522258,COc1ccc(\N=N/c2ccc(OC)c(F)c2C)c(C)c1,4.0243100020242135
306,560603,COc1cccc(F)c1\N=N/c1cc(C#N)cc(F)c1C,2.1905932618781794
307,724229,COc1ccc(C#N)c(C#N)c1\N=N/c1ccc(C(=O)O)cc1C(=O)O,3.2290318301304795
308,406911,COc1cc(C#N)ccc1\N=N/c1ccc(C)c(OC)c1C,2.910441642061758
309,1168056,N#Cc1c(\N=N/c2cccc(-c3ccccc3)c2C(=O)O)cc(F)cc1-c1ccccc1,1.7644911304407978
310,287890,COc1ccc(C(=O)O)c(\N=N/c2ccc(-c3ccccc3)c(C(=O)O)c2OC)c1,3.3916194944388107
311,524729,COc1ccc(C)c(\N=N/c2c(C)ccc(C#N)c2C(=O)O)c1,2.5759872517684044
312,28667,COc1ccccc1\N=N/c1ccc(C(=O)O)c(OC)c1F,3.3682721779545917
313,879822,N#Cc1ccc(C(=O)O)cc1\N=N/c1ccc(C(=O)O)c(F)c1,2.0547543296260447
314,691289,COc1ccc(C(=O)O)c(OC)c1\N=N/c1ccc(C(=O)O)cc1C(=O)O,4.094460796762504
315,922715,COc1c(C#N)ccc(C)c1\N=N/c1ccc(C)c(C(=O)O)c1,2.9679935935341657
316,62755,COc1cc(C)c(F)cc1\N=N/c1ccccc1-c1ccccc1,5.085524448936919
317,784370,COc1ccc(C)c(\N=N/c2ccc(-c3ccccc3)c(C(=O)O)c2)c1F,1.5517802062706425
318,730853,N#Cc1cc(C(=O)O)cc(C(=O)O)c1\N=N/c1ccc(C(=O)O)c(C(=O)O)c1,3.0341987462042597
319,384450,COc1cc(\N=N/c2cccc(OC)c2-c2ccccc2)cc(-c2ccccc2)c1C(=O)O,2.7433096865523834
320,985875,COc1c(C#N)ccc(C#N)c1\N=N/c1c(F)cccc1C(=O)O,6.481710301311602
321,292482,COc1ccc(\N=N/c2ccc(OC)c(F)c2)c(C(=O)O)c1,3.8457220788718356
322,361346,COc1ccc(-c2ccccc2)c(\N=N/c2cc(C#N)cc(C(=O)O)c2C)c1,3.082988651162413
323,1038603,COc1c(F)cc(\N=N/c2cccc(F)c2C(=O)O)cc1F,2.4804755025265917
324,662465,COc1cc(C)c(\N=N/c2ccc(C(=O)O)cc2OC)cc1C#N,3.4091707987887276
325,58949,N#Cc1ccc(\N=N/c2ccccc2-c2ccccc2)c(-c2ccccc2)c1,2.529809633974776
326,546795,COc1ccc(C)c(F)c1\N=N/c1cccc(F)c1OC,3.6302900222453363
327,923070,COc1c(C(=O)O)ccc(C#N)c1\N=N/c1ccc(C)c(C(=O)O)c1,2.275002790698603
328,973677,O=C(O)c1cc(F)ccc1\N=N/c1cccc(F)c1-c1ccccc1,3.158364020223566
329,716851,N#Cc1cc(C#N)c(C(=O)O)cc1\N=N/c1cc(C(=O)O)cc(C(=O)O)c1,-25.177305269972837
330,97451,N#Cc1cccc(\N=N/c2cc(C#N)cc(C#N)c2F)c1,3.1956163235559303
331,558292,COc1cccc(F)c1\N=N/c1cc(C(=O)O)c(C)c(C(=O)O)c1,3.273141387255801
332,529760,COc1cccc(\N=N/c2c(C)cc(F)cc2C(=O)O)c1C,1.2731090313478135
333,606041,COc1cc(C(=O)O)cc(C)c1\N=N/c1c(F)cccc1OC,3.218691526795134
334,159244,Cc1cc(-c2ccccc2)c(C#N)cc1\N=N/c1ccc(F)cc1,3.089818693627775
335,471456,COc1c(C)cccc1\N=N/c1ccc(F)c(OC)c1C(=O)O,2.0059372133464834
336,741186,Cc1ccc(\N=N/c2cc(C(=O)O)ccc2C(=O)O)c(-c2ccccc2)c1C(=O)O,4.8761060950469215
337,107995,N#Cc1ccccc1\N=N/c1cccc(F)c1C(=O)O,1.4241590940365432
338,256188,COc1c(\N=N/c2c(C#N)cc(C(=O)O)cc2C#N)cccc1C(=O)O,8.6216360768503
339,330323,COc1c(\N=N/c2c(C)cc(-c3ccccc3)cc2F)cccc1-c1ccccc1,3.8865662770507816
340,879952,COc1c(C#N)ccc(\N=N/c2cc(C(=O)O)ccc2C#N)c1OC,2.668669023255866
341,941152,COc1ccc(\N=N/c2ccc(C(=O)O)c(C)c2)c(OC)c1C#N,3.6006841011133814
342,5617,COc1cccc(\N=N/c2cc(C(=O)O)c(C(=O)O)cc2OC)c1,2.397753075831453
343,862558,COc1ccc(-c2ccccc2)c(C)c1\N=N/c1cc(C(=O)O)ccc1C#N,3.453525257837657
344,484725,COc1ccc(C)cc1\N=N/c1cc(F)cc(C)c1F,3.552628901919864
345,199821,COc1cccc(OC)c1\N=N/c1cc(F)c(C)cc1F,5.4180468351875675
346,537317,COc1cccc(C)c1\N=N/c1cc(F)cc(C)c1C,0.9791995146607948
347,75023,N#Cc1cc(C(=O)O)c(\N=N/c2cccc(-c3ccccc3)c2)cc1C(=O)O,1.8213627987851981
348,156539,N#Cc1ccc(C#N)c(\N=N/c2ccc(F)cc2)c1,3.5617719069771407
349,765753,N#Cc1cc(-c2ccccc2)c(\N=N/c2ccc(-c3ccccc3)cc2C(=O)O)cc1F,3.1668539534866174
350,438535,COc1ccc(\N=N/c2ccc(F)c(C(=O)O)c2OC)c(C#N)c1,4.818282030329499
351,952846,Cc1ccc(C(=O)O)cc1\N=N/c1cc(C)c(C(=O)O)cc1C#N,1.882778758343016
352,1066016,COc1ccc(\N=N/c2c(C)ccc(-c3ccccc3)c2C(=O)O)cc1-c1ccccc1,1.7149665197180086
353,312087,COc1cccc(\N=N/c2c(C#N)ccc(C(=O)O)c2OC)c1C(=O)O,5.1094159919111695
354,506469,COc1ccc(C)c(\N=N/c2cc(C(=O)O)c(F)cc2-c2ccccc2)c1,2.2802273650152785
355,40942,Cc1cc(C(=O)O)c(\N=N/c2ccc(C(=O)O)cc2)c(C(=O)O)c1,3.1181728938326576
356,752892,COc1ccc(\N=N/c2cccc(C(=O)O)c2C(=O)O)c(F)c1C(=O)O,1.7273476724002526
357,835956,COc1c(C)ccc(\N=N/c2ccc(C#N)cc2C(=O)O)c1C#N,2.5883411931292404
358,105652,N#Cc1cccc(\N=N/c2ccc(C#N)c(C#N)c2-c2ccccc2)c1,3.5628603599633903
359,254381,COc1ccc(-c2ccccc2)c(C)c1\N=N/c1cccc(C(=O)O)c1OC,2.521428546009731
360,43197,COc1ccc(\N=N/c2ccc(C(=O)O)cc2)c(C)c1F,2.6078517128432703
361,683476,COc1cccc(\N=N/c2cc(C#N)cc(-c3ccccc3)c2C(=O)O)c1C(=O)O,-1.5256029120320727
362,959480,Cc1c(\N=N/c2ccc(F)c(F)c2F)cccc1C(=O)O,2.6186818200196442
363,522718,COc1ccc(\N=N/c2ccc(F)c(-c3ccccc3)c2F)c(C)c1,4.83705784428508
364,665331,COc1cc(C(=O)O)ccc1\N=N/c1c(C)ccc(C#N)c1C#N,3.3509657755282825
365,341375,COc1cc(C)c(OC)c(\N=N/c2c(OC)cccc2-c2ccccc2)c1,3.8571780465086523
366,186229,COc1ccc(\N=N/c2c(OC)ccc(-c3ccccc3)c2C#N)c(OC)c1,5.010829362991399
367,378018,COc1ccc(\N=N/c2cc(C)cc(OC)c2C)c(-c2ccccc2)c1,4.372315631950285
368,1058905,COc1c(\N=N/c2c(C(=O)O)ccc(F)c2OC)cccc1-c1ccccc1,0.9667639393357347
369,1059340,COc1c(\N=N/c2c(C)ccc(C(=O)O)c2-c2ccccc2)cccc1-c1ccccc1,3.370530717897503
370,6298,COc1cccc(\N=N/c2c(F)cc(OC)cc2C(=O)O)c1,1.8060700343781924
371,65195,Cc1c(C(=O)O)ccc(-c2ccccc2)c1\N=N/c1cccc(-c2ccccc2)c1,0.6729360566253143
372,224116,COc1ccc(\N=N/c2ccc(F)c(OC)c2F)c(OC)c1,5.932368080887967
373,209521,COc1ccc(\N=N/c2cc(F)cc(C)c2C)cc1OC,2.970877993937519
374,1013205,O=C(O)c1ccc(\N=N/c2c(-c3ccccc3)ccc(-c3ccccc3)c2-c2ccccc2)cc1F,-0.4720348473197765
375,880830,Cc1ccc(C(=O)O)c(\N=N/c2cc(C(=O)O)ccc2C#N)c1C(=O)O,2.5662183862506853
376,54791,COc1cc(C#N)c(-c2ccccc2)c(\N=N/c2ccccc2C(=O)O)c1,3.4428312072806975
377,500891,COc1cc(C)cc(\N=N/c2ccc(C#N)c(C)c2C(=O)O)c1,0.5342671466126415
378,468696,COc1c(C#N)cccc1\N=N/c1ccc(C)c(C#N)c1C(=O)O,1.617713245701908
379,714691,COc1cc(C#N)c(C(=O)O)cc1\N=N/c1cc(C(=O)O)cc(C(=O)O)c1,2.420773856415466
380,468775,COc1c(C#N)cccc1\N=N/c1c(F)ccc(C)c1C#N,3.326040202222972
381,1162943,COc1cc(F)c(-c2ccccc2)c(\N=N/c2cc(-c3ccccc3)ccc2C(=O)O)c1,2.059053718909667
382,1180116,COc1ccc(F)c(\N=N/c2cccc(-c3ccccc3)c2-c2ccccc2)c1OC,4.696048760359084
383,786356,Cc1cc(C(=O)O)cc(C(=O)O)c1\N=N/c1cc(C(=O)O)cc(-c2ccccc2)c1,2.6522333832197944
384,978527,Cc1ccc(C#N)c(\N=N/c2cc(F)ccc2C(=O)O)c1,2.432991741156888
385,119749,Cc1ccccc1\N=N/c1cc(C(=O)O)c(C)cc1-c1ccccc1,2.1139661718899543
386,174185,Cc1c(\N=N/c2ccccc2F)ccc(F)c1C#N,2.569510956518469
387,98533,COc1cc(C(=O)O)cc(\N=N/c2ccc(C#N)cc2)c1F,3.0360763276041487
388,128037,COc1ccc(\N=N/c2ccc(C)cc2)c(C)c1OC,3.101029759353358
389,198926,COc1cccc(OC)c1\N=N/c1ccc(C)c(-c2ccccc2)c1C#N,5.5223478422650425
390,364174,COc1ccc(-c2ccccc2)c(\N=N/c2c(C#N)cc(F)cc2C(=O)O)c1,0.8334556602591521
391,463165,COc1cccc(C#N)c1\N=N/c1cc(-c2ccccc2)cc(C)c1OC,3.2283515470148463
392,313063,COc1cccc(\N=N/c2c(C(=O)O)ccc(C#N)c2C#N)c1C(=O)O,0.12489997977775502
393,1089348,COc1cc(-c2ccccc2)ccc1\N=N/c1cc(C)c(C(=O)O)c(C(=O)O)c1,4.360288226489655
394,1018838,Cc1c(\N=N/c2ccc(C(=O)O)cc2F)cc(C#N)cc1C(=O)O,1.7677020667381702
395,473857,COc1c(C)cccc1\N=N/c1cc(C(=O)O)c(C(=O)O)cc1C,2.796154078864364
396,394727,COc1cc(C(=O)O)cc(C)c1\N=N/c1cccc(-c2ccccc2)c1OC,-1.1412157411514998
397,499585,COc1cc(C)cc(\N=N/c2c(C)cccc2F)c1,1.120752825070634
398,740018,Cc1cc(C#N)cc(\N=N/c2cc(C(=O)O)ccc2C(=O)O)c1-c1ccccc1,1.0141116440860238
399,21379,COc1ccccc1\N=N/c1cc(C(=O)O)c(C)cc1C(=O)O,1.3932470293223258
400,48664,Cc1ccc(\N=N/c2cccc(C(=O)O)c2)c(F)c1C#N,3.241304137514717
401,571266,COc1cc(F)cc(\N=N/c2cccc(-c3ccccc3)c2C)c1,1.1716924246736922
402,645410,COc1cc(\N=N/c2ccc(-c3ccccc3)c(C#N)c2-c2ccccc2)cc(C(=O)O)c1,3.3480813751249285
403,933307,Cc1ccc(C(=O)O)cc1\N=N/c1c(-c2ccccc2)ccc(C(=O)O)c1C#N,3.4874033569256393
404,1047462,COc1ccc(\N=N/c2cc(C)c(-c3ccccc3)c(C)c2)c(-c2ccccc2)c1,3.1729492901873435
405,599819,COc1cccc(\N=N/c2cccc(C#N)c2-c2ccccc2)c1F,1.8490095045468529
406,48769,Cc1cc(F)c(\N=N/c2cccc(C(=O)O)c2)cc1C,3.5299346572298695
407,877735,N#Cc1cc(C(=O)O)ccc1\N=N/c1c(C(=O)O)ccc(C#N)c1C#N,2.479849642059962
408,1069963,COc1cc(\N=N/c2cc(C#N)c(C(=O)O)cc2-c2ccccc2)cc(-c2ccccc2)c1,3.0404845621857777
409,485212,COc1cccc(C)c1\N=N/c1cccc(F)c1F,3.2894137593572372
410,252092,COc1cccc(\N=N/c2c(C)cc(C)cc2C(=O)O)c1OC,3.819191037411652
411,928767,Cc1cc(\N=N/c2cc(F)c(-c3ccccc3)c(-c3ccccc3)c2)cc(C(=O)O)c1,1.8904523518710203
412,473130,COc1ccc(C#N)c(C(=O)O)c1\N=N/c1cccc(C)c1OC,1.6773876804854384
413,986626,Cc1c(\N=N/c2c(F)cccc2C(=O)O)ccc(C(=O)O)c1C#N,1.8391862163801307
414,206449,COc1ccc(\N=N/c2cc(C(=O)O)cc(C#N)c2C(=O)O)cc1OC,2.2242536703763363
415,380860,COc1ccc(-c2ccccc2)c(\N=N/c2c(C(=O)O)ccc(C#N)c2F)c1,1.5001059009091355
416,1083991,COc1cc(\N=N/c2ccc(C(=O)O)c(C#N)c2C#N)ccc1-c1ccccc1,2.3202008008101744
417,111784,COc1c(F)cc(C(=O)O)cc1\N=N/c1ccccc1C#N,3.539050450959551
418,1123523,Cc1ccc(\N=N/c2c(C(=O)O)cccc2-c2ccccc2)c(C)c1,0.1894996643053502
419,514930,COc1ccc(\N=N/c2c(F)ccc(C(=O)O)c2C(=O)O)cc1C,5.557668141560889
420,708323,Cc1cc(\N=N/c2cccc(C(=O)O)c2C(=O)O)c(F)c(C(=O)O)c1,-1.5743928169902257
421,31256,Cc1c(F)ccc(C(=O)O)c1\N=N/c1ccccc1C(=O)O,1.527915874623987
422,1129709,Cc1c(\N=N/c2cccc(-c3ccccc3)c2C(=O)O)cc(F)cc1C(=O)O,3.324924537915314
423,763193,COc1cc(OC)c(-c2ccccc2)cc1\N=N/c1ccc(-c2ccccc2)cc1C(=O)O,2.5069521213377723
424,146397,Cc1ccccc1\N=N/c1c(-c2ccccc2)ccc(F)c1F,3.097900457026397
425,732015,Cc1ccc(C)c(\N=N/c2ccc(C(=O)O)c(C(=O)O)c2)c1F,1.2042099575304086
426,669202,COc1ccc(C(=O)O)cc1\N=N/c1cc(C#N)c(-c2ccccc2)c(C(=O)O)c1,2.928156214358684
427,233196,COc1ccc(\N=N/c2c(F)ccc(C)c2F)c(OC)c1,6.696734188067484
428,538632,COc1cc(F)c(F)cc1\N=N/c1cccc(C)c1OC,2.581919320522121
429,130576,Cc1ccc(\N=N/c2c(C(=O)O)ccc(C)c2C(=O)O)cc1,0.02125204449450478
430,96188,Cc1c(F)ccc(C#N)c1\N=N/c1cccc(C#N)c1,0.6078193569290956
431,663028,COc1cc(C(=O)O)ccc1\N=N/c1cc(C(=O)O)cc(-c2ccccc2)c1-c1ccccc1,3.31259780788826
432,357490,COc1cc(\N=N/c2cc(-c3ccccc3)cc(F)c2C)cc(-c2ccccc2)c1,-0.20302369261666026
433,423630,COc1cc(\N=N/c2c(OC)ccc(C(=O)O)c2C(=O)O)ccc1C#N,4.373648986853956
434,543009,COc1ccc(\N=N/c2cccc(F)c2OC)c(-c2ccccc2)c1-c1ccccc1,1.8657716804831306
435,1115139,COc1ccc(F)c(\N=N/c2ccc(C(=O)O)cc2-c2ccccc2)c1C(=O)O,2.5266259089988115
436,1186127,Cc1c(-c2ccccc2)cc(\N=N/c2ccc(-c3ccccc3)cc2-c2ccccc2)cc1-c1ccccc1,4.027058345808153
437,1029751,O=C(O)c1cc(F)c(F)c(\N=N/c2cccc(C(=O)O)c2F)c1,4.459772829121071
438,241435,COc1cccc(\N=N/c2cc(C)c(F)c(-c3ccccc3)c2)c1OC,1.7218237735109658
439,243301,COc1cccc(\N=N/c2ccc(F)c(C#N)c2C(=O)O)c1OC,0.20449310414593225
440,611948,COc1c(F)cccc1\N=N/c1cc(C#N)c(C(=O)O)c(C#N)c1,3.3969801253810883
441,864392,COc1ccc(C)c(C)c1\N=N/c1cc(C(=O)O)ccc1C#N,3.144486244690642
442,1169561,N#Cc1cc(F)c(-c2ccccc2)c(\N=N/c2cccc(-c3ccccc3)c2C(=O)O)c1,-1.2983883518685508
443,298414,COc1ccc(\N=N/c2cc(C(=O)O)c(-c3ccccc3)cc2-c2ccccc2)cc1C(=O)O,0.1407913933237953
444,79899,N#Cc1cc(\N=N/c2ccccc2-c2ccccc2)c(C(=O)O)c(C(=O)O)c1,2.577538297268087
445,1066239,COc1ccc(\N=N/c2cc(-c3ccccc3)cc(C#N)c2C)cc1-c1ccccc1,3.2615221516657877
446,241962,COc1ccc(C#N)c(C)c1\N=N/c1cccc(OC)c1OC,1.6342577310421733
447,712831,Cc1cc(C#N)c(C(=O)O)c(\N=N/c2ccc(C(=O)O)c(C(=O)O)c2)c1,3.069954426692131
448,860139,N#Cc1cc(\N=N/c2c(F)ccc(C(=O)O)c2F)cc(C(=O)O)c1,1.717796497472359
449,1053702,COc1cc(C)c(OC)c(\N=N/c2c(OC)cccc2-c2ccccc2)c1,4.2716609423622085
450,607471,COc1cc(\N=N/c2c(F)cccc2OC)c(C#N)cc1C,5.100762790701109
451,1157028,COc1c(C#N)ccc(\N=N/c2ccc(-c3ccccc3)cc2C(=O)O)c1C(=O)O,2.179463830129195
452,499482,COc1cc(C)cc(\N=N/c2ccc(C#N)c(C)c2)c1,1.4450029686542436
453,665013,COc1cc(C(=O)O)ccc1\N=N/c1ccc(OC)c(C(=O)O)c1C,3.8361436926225343
454,368652,COc1ccc(\N=N/c2cc(F)c(OC)c(-c3ccccc3)c2)c(-c2ccccc2)c1,4.294899413548421
455,261501,COc1cc(C(=O)O)ccc1\N=N/c1c(F)cc(C#N)cc1-c1ccccc1,-0.4018024186048883
456,663938,COc1cc(C(=O)O)ccc1\N=N/c1c(OC)cc(C)cc1-c1ccccc1,2.9598029848313505
457,545032,COc1c(F)cccc1\N=N/c1ccc(C(=O)O)c(C(=O)O)c1C#N,2.867338903946088
458,435314,COc1ccc(C#N)c(\N=N/c2ccc(C)c(C(=O)O)c2OC)c1,1.1591480040444386
459,92764,COc1cc(F)c(F)cc1\N=N/c1ccccc1C#N,4.589380368046879
460,26189,COc1ccccc1\N=N/c1c(C#N)ccc(C#N)c1C(=O)O,4.378465391306202
461,759701,Cc1c(-c2ccccc2)ccc(C#N)c1\N=N/c1cccc(-c2ccccc2)c1C(=O)O,3.660902762386943
462,210189,COc1cc(\N=N/c2cc(F)ccc2F)cc(OC)c1,2.378868416584053
463,211796,COc1cc(\N=N/c2c(C(=O)O)cc(-c3ccccc3)cc2C(=O)O)cc(OC)c1,1.2472582730032624
464,1017362,N#Cc1c(F)ccc(\N=N/c2ccc(C(=O)O)cc2F)c1C(=O)O,3.1574932578333286
465,12234,COc1ccc(\N=N/c2cc(C#N)cc(-c3ccccc3)c2C#N)cc1,4.153971963599025
466,797662,COc1cc(C#N)cc(\N=N/c2ccc(C(=O)O)cc2-c2ccccc2)c1F,4.1534821597518095
467,449172,COc1ccc(\N=N/c2ccc(C#N)c(C#N)c2C(=O)O)c(C#N)c1,3.591296194132497
468,430093,COc1cc(C#N)cc(\N=N/c2ccc(C#N)c(-c3ccccc3)c2C)c1,1.078738539935027
469,276880,COc1ccc(F)c(\N=N/c2cccc(OC)c2C(=O)O)c1C#N,2.1481163842229525
470,37459,N#Cc1cc(F)c(\N=N/c2cccc(C(=O)O)c2)cc1C#N,1.3150688938344173
471,1135749,N#Cc1cc(F)cc(\N=N/c2ccc(C(=O)O)c(-c3ccccc3)c2)c1C(=O)O,0.7649919676399596
472,535578,COc1cccc(C)c1\N=N/c1ccc(C#N)c(-c2ccccc2)c1C(=O)O,5.199022883720674
473,925427,Cc1cc(C(=O)O)c(\N=N/c2ccc(C)c(C(=O)O)c2)c(-c2ccccc2)c1,0.29105232760507305
474,830984,COc1cc(\N=N/c2cccc(C#N)c2C(=O)O)c(C)c(C(=O)O)c1,-0.7829514418604935
475,42377,Cc1c(C(=O)O)ccc(\N=N/c2ccc(C(=O)O)cc2)c1C#N,1.977310899896585
476,828531,COc1ccc(C)c(\N=N/c2cccc(C#N)c2C(=O)O)c1C#N,2.7307108432803138
477,434238,COc1ccc(C#N)c(\N=N/c2cc(-c3ccccc3)cc(C#N)c2C(=O)O)c1,2.634056218403248
478,282022,COc1cc(\N=N/c2ccc(F)c(OC)c2C#N)ccc1C(=O)O,3.793367490394696
479,1001545,Cc1ccc(F)c(-c2ccccc2)c1\N=N/c1cc(F)cc(C(=O)O)c1,-0.16879184630706398
480,780169,COc1c(\N=N/c2cccc(C(=O)O)c2-c2ccccc2)ccc(F)c1F,3.669964133467621
481,49638,COc1cc(C(=O)O)cc(\N=N/c2ccccc2C(=O)O)c1C(=O)O,1.3561035712817806
482,454529,COc1ccc(C#N)c(\N=N/c2c(C(=O)O)ccc(OC)c2C)c1,2.106074887765937
483,159368,Cc1cc(C#N)cc(\N=N/c2ccc(F)cc2)c1C#N,3.492845621838328
484,947858,Cc1cc(C(=O)O)ccc1\N=N/c1cc(-c2ccccc2)cc(C(=O)O)c1F,2.4883667866506087
485,755787,Cc1cc(F)c(-c2ccccc2)cc1\N=N/c1cccc(C(=O)O)c1C(=O)O,1.529494131445078
486,722704,COc1c(\N=N/c2cc(C(=O)O)ccc2C(=O)O)ccc(F)c1-c1ccccc1,2.5694021112204624
487,51639,O=C(O)c1ccccc1\N=N/c1c(-c2ccccc2)ccc(F)c1F,3.2686787300251687
488,885421,COc1c(C(=O)O)ccc(\N=N/c2cccc(C(=O)O)c2C#N)c1C,2.2793838139526366
489,282568,COc1cc(\N=N/c2cc(-c3ccccc3)cc(-c3ccccc3)c2)cc(C(=O)O)c1,1.5196164206293528
490,898547,Cc1cccc(\N=N/c2cccc(C#N)c2F)c1C(=O)O,4.177455336702658
491,740285,COc1ccc(C#N)c(C)c1\N=N/c1cc(C(=O)O)ccc1C(=O)O,2.203872388272069
492,1068948,COc1cc(\N=N/c2ccc(C(=O)O)c(C)c2F)cc(-c2ccccc2)c1,2.5990896663290157
493,163464,N#Cc1ccc(-c2ccccc2)c(\N=N/c2cccc(F)c2)c1-c1ccccc1,0.4984842548033621
494,983448,COc1cc(F)cc(\N=N/c2c(F)cccc2C(=O)O)c1OC,9.201128444895922
495,1148033,COc1c(\N=N/c2ccc(-c3ccccc3)cc2C(=O)O)ccc(C(=O)O)c1C#N,2.0476249625942584
496,399489,COc1cc(-c2ccccc2)cc(\N=N/c2cccc(C#N)c2OC)c1C(=O)O,-7.210347939330842
497,453394,COc1ccc(C#N)c(\N=N/c2c(-c3ccccc3)ccc(-c3ccccc3)c2C)c1,1.3333276926151878
498,944119,Cc1cc(\N=N/c2ccc(C)c(C(=O)O)c2C(=O)O)ccc1C(=O)O,-3.5731190293221378
499,58108,COc1cc(\N=N/c2ccccc2C(=O)O)cc(F)c1C(=O)O,1.338987648130076
500,314109,COc1cc(C#N)c(\N=N/c2cccc(OC)c2C(=O)O)cc1-c1ccccc1,3.497934139535589
501,571062,COc1cc(F)cc(\N=N/c2ccc(C(=O)O)c(-c3ccccc3)c2)c1,1.1395830616814056
502,413118,COc1cccc(C#N)c1\N=N/c1cc(F)ccc1-c1ccccc1,4.102297658243705
503,503902,COc1cc(C)cc(\N=N/c2cc(C)c(F)c(F)c2)c1,2.216117484328712
504,957977,Cc1c(\N=N/c2c(C(=O)O)ccc(C#N)c2F)cccc1C(=O)O,1.9692019251765553
505,435183,COc1ccc(C#N)c(\N=N/c2c(C#N)ccc(OC)c2F)c1,2.2923091931187245
506,497700,COc1cc(\N=N/c2c(OC)ccc(OC)c2C)ccc1C,1.6129784752324476
507,854903,Cc1cc(\N=N/c2ccc(C#N)c(C(=O)O)c2)cc(C#N)c1C#N,2.231573516682727
508,190266,COc1ccc(OC)c(\N=N/c2cc(OC)ccc2C(=O)O)c1,4.085072889787806
509,429253,COc1cc(C#N)cc(\N=N/c2ccc(-c3ccccc3)c(C(=O)O)c2C)c1,-0.9529405864518138
510,927624,COc1ccc(F)c(-c2ccccc2)c1\N=N/c1cc(C)cc(C(=O)O)c1,2.7455954378167022
511,480195,COc1ccc(C)cc1\N=N/c1ccc(-c2ccccc2)c(C#N)c1,3.692413476234008
512,918038,COc1cc(\N=N/c2cccc(C(=O)O)c2C)cc(F)c1C#N,1.5865834903978653
513,150453,Cc1cc(C#N)c(\N=N/c2ccccc2F)cc1C,3.9819147583393977
514,1086741,COc1cc(-c2ccccc2)ccc1\N=N/c1ccc(C#N)c(OC)c1C#N,3.995574843270122
515,912265,Cc1ccc(C(=O)O)c(\N=N/c2cc(F)c(C)c(C(=O)O)c2)c1,4.972706297268798
516,1045055,COc1ccc(\N=N/c2ccc(OC)c(C(=O)O)c2C)c(-c2ccccc2)c1,5.128599975731181
517,593410,COc1ccc(\N=N/c2c(C(=O)O)ccc(OC)c2C)c(F)c1,3.4486544307364078
518,986081,Cc1cc(C#N)cc(C)c1\N=N/c1c(F)cccc1C(=O)O,1.3868523680489886
519,883584,COc1cc(\N=N/c2cc(C(=O)O)ccc2C#N)c(C)cc1F,3.932607838224995
520,240469,COc1cccc(\N=N/c2cc(C)c(C#N)cc2C(=O)O)c1OC,4.242544825071281
521,493881,COc1cccc(\N=N/c2c(F)ccc(OC)c2-c2ccccc2)c1C,2.9631227664329165
522,115285,N#Cc1cc(\N=N/c2ccccc2C#N)c(C#N)c(C(=O)O)c1,4.0290175611722665
523,84859,N#Cc1cc(\N=N/c2ccccc2-c2ccccc2)c(F)c(C(=O)O)c1,4.412261856423773
524,159628,N#Cc1cc(F)c(F)c(\N=N/c2ccc(F)cc2)c1,2.8063311142588874
525,545236,COc1c(F)cccc1\N=N/c1ccc(C#N)c(C#N)c1OC,3.037736218401838
526,880071,COc1c(\N=N/c2cc(C(=O)O)ccc2C#N)ccc(-c2ccccc2)c1C(=O)O,3.2770870293178094
527,601290,COc1cccc(\N=N/c2cc(C(=O)O)cc(C(=O)O)c2C)c1F,1.7885187300344627
528,1090368,COc1cc(-c2ccccc2)ccc1\N=N/c1cc(C)c(C#N)c(F)c1,3.581881075830205
529,91101,N#Cc1ccccc1\N=N/c1ccc(C#N)c(C(=O)O)c1C#N,3.397578774520123
530,657191,COc1cc(\N=N/c2c(F)cccc2C(=O)O)ccc1C(=O)O,-0.8047205015174346
531,756745,COc1c(C#N)cccc1\N=N/c1cccc(-c2ccccc2)c1C(=O)O,1.391859251769652
532,222106,COc1ccc(\N=N/c2ccc(C(=O)O)c(OC)c2C#N)c(OC)c1,4.513134236601676
533,500133,COc1cc(C)cc(\N=N/c2cc(-c3ccccc3)cc(C)c2OC)c1,-2.6363963923165703
534,787294,N#Cc1cc(-c2ccccc2)c(C#N)cc1\N=N/c1cc(C(=O)O)cc(-c2ccccc2)c1,2.94132649544838
535,609760,COc1c(F)cccc1\N=N/c1c(-c2ccccc2)ccc(C(=O)O)c1OC,3.9937788958530183
536,121828,Cc1ccccc1\N=N/c1ccc(C#N)c(F)c1C#N,2.5041221435772347
537,569523,COc1cc(\N=N/c2ccc(C(=O)O)c(OC)c2C)ccc1F,1.482663441857225
538,1047326,COc1ccc(\N=N/c2c(C#N)cc(C)cc2C(=O)O)c(-c2ccccc2)c1,3.3270470212326235
539,997625,COc1ccc(C(=O)O)c(\N=N/c2cc(F)cc(C(=O)O)c2)c1C,1.7216332942363612
540,862490,COc1c(C(=O)O)ccc(\N=N/c2cc(C(=O)O)ccc2C#N)c1-c1ccccc1,2.287628845298267
541,868623,N#Cc1cc(C(=O)O)ccc1\N=N/c1ccc(C#N)c(F)c1F,3.030198681493248
542,456383,COc1cccc(\N=N/c2c(F)cccc2-c2ccccc2)c1C#N,3.7023728210325184
543,423434,COc1cc(\N=N/c2cc(F)cc(OC)c2-c2ccccc2)ccc1C#N,2.963367668350337
544,1170098,Cc1ccc(C)c(\N=N/c2c(C(=O)O)cccc2-c2ccccc2)c1,-0.008000129422023293
545,86693,Cc1c(\N=N/c2ccccc2-c2ccccc2)ccc(C(=O)O)c1C(=O)O,2.9473674095001035
546,823179,COc1ccc(F)cc1\N=N/c1cccc(-c2ccccc2)c1C(=O)O,3.638888800806394
547,1067655,COc1cc(\N=N/c2ccc(OC)c(OC)c2C(=O)O)cc(-c2ccccc2)c1,2.0379649423683586
548,287508,COc1ccc(C(=O)O)c(\N=N/c2c(C#N)cccc2C#N)c1,2.9252990252767384
549,214516,COc1cc(\N=N/c2c(F)cc(F)cc2F)cc(OC)c1,3.9330432194170206
550,952706,COc1cc(C#N)c(\N=N/c2cc(C(=O)O)ccc2C)cc1C#N,1.7282184347843028
551,1038844,O=C(O)c1c(F)cccc1\N=N/c1cc(F)c(-c2ccccc2)cc1F,2.6938939211337876
552,737920,Cc1cccc(C)c1\N=N/c1cc(C(=O)O)ccc1C(=O)O,1.325082661269557
553,862738,N#Cc1ccc(C(=O)O)cc1\N=N/c1c(-c2ccccc2)ccc(-c2ccccc2)c1C(=O)O,0.9236067785648746
554,8813,COc1cccc(\N=N/c2ccc(F)c(C#N)c2C)c1,2.1090681334734844
555,6906,COc1cccc(\N=N/c2cc(C(=O)O)cc(F)c2F)c1,2.3715757815990703
556,203021,COc1cccc(\N=N/c2c(C#N)ccc(C#N)c2OC)c1OC,4.179196861476946
557,680299,COc1cccc(C(=O)O)c1\N=N/c1cc(C#N)c(F)cc1-c1ccccc1,3.788197338720836
558,411150,COc1ccc(C#N)cc1\N=N/c1cc(C#N)cc(C(=O)O)c1F,3.3173325783577208
559,893679,COc1ccc(-c2ccccc2)cc1\N=N/c1cccc(C#N)c1C(=O)O,3.9957108998957236
560,206495,COc1ccc(\N=N/c2c(C(=O)O)ccc(C#N)c2C#N)cc1OC,7.048712671389347
561,305496,COc1ccc(\N=N/c2c(C)ccc(OC)c2C#N)c(C(=O)O)c1,2.1159525985816625
562,629155,COc1cccc(C(=O)O)c1\N=N/c1ccc(C)c(OC)c1OC,6.49036350252785
563,1087752,COc1cc(-c2ccccc2)ccc1\N=N/c1c(F)cc(C(=O)O)cc1F,5.333147502532303
564,640986,COc1ccc(\N=N/c2ccc(F)c(C#N)c2C(=O)O)cc1C(=O)O,-0.7367466127392703
565,530219,COc1cccc(\N=N/c2cc(C#N)c(C#N)cc2-c2ccccc2)c1C,3.1337377714846792
566,1010829,N#Cc1ccc(F)c(C#N)c1\N=N/c1ccc(C(=O)O)cc1F,3.5917859979797124
567,1141543,Cc1cc(\N=N/c2cc(C(=O)O)cc(-c3ccccc3)c2)c(F)c(-c2ccccc2)c1,1.370471150655733
568,465061,COc1cccc(C#N)c1\N=N/c1ccc(F)c(F)c1C(=O)O,2.2039540222424803
569,695345,COc1c(\N=N/c2cc(C(=O)O)ccc2C(=O)O)ccc(-c2ccccc2)c1OC,4.727994855410549
570,766938,COc1ccc(C)c(C#N)c1\N=N/c1cc(-c2ccccc2)ccc1C(=O)O,3.3773879716842727
571,657690,COc1cc(\N=N/c2c(C#N)ccc(OC)c2C#N)ccc1C(=O)O,1.6250058806868906
572,1057042,COc1cccc(-c2ccccc2)c1\N=N/c1cc(C)cc(C#N)c1C,2.035869670378644
573,356764,COc1cc(\N=N/c2c(C(=O)O)ccc(F)c2C)cc(-c2ccccc2)c1,2.7216494721934485
574,474726,COc1c(C)cccc1\N=N/c1cc(F)cc(-c2ccccc2)c1-c1ccccc1,4.036255773508246
575,1118578,N#Cc1cc(F)c(F)c(\N=N/c2ccc(C(=O)O)cc2-c2ccccc2)c1,3.064240048534427
576,892901,Cc1cc(F)c(F)cc1\N=N/c1c(C#N)cccc1C(=O)O,2.8181680404449128
577,411517,COc1ccc(C#N)cc1\N=N/c1c(-c2ccccc2)ccc(-c2ccccc2)c1C,1.23397914661556
578,942724,Cc1cc(\N=N/c2ccc(C(=O)O)c(C)c2)c(-c2ccccc2)c(C(=O)O)c1,2.622110446913029
579,1179498,Fc1ccc(\N=N/c2cccc(-c3ccccc3)c2-c2ccccc2)cc1F,3.9443359191130147
580,645422,COc1cc(\N=N/c2cc(C#N)cc(-c3ccccc3)c2-c2ccccc2)cc(C(=O)O)c1,2.926986127402023
581,1162906,Cc1cc(\N=N/c2cc(-c3ccccc3)ccc2C(=O)O)c(-c2ccccc2)cc1C,2.91836013751337
582,526630,COc1ccc(C)c(\N=N/c2ccc(C(=O)O)c(C)c2C#N)c1,2.341452845298492
583,648846,COc1ccc(C(=O)O)cc1\N=N/c1ccc(C(=O)O)c(C#N)c1C(=O)O,2.628777221431382
584,252504,COc1cccc(\N=N/c2cc(F)cc(C)c2C(=O)O)c1OC,3.715760792724414
585,588692,COc1ccc(\N=N/c2ccc(C#N)c(OC)c2C)cc1F,2.762412036401983
586,423342,COc1cc(C)c(\N=N/c2ccc(C#N)c(OC)c2)c(C#N)c1,2.0302641375127592
587,1040644,COc1cccc(\N=N/c2cc(C(=O)O)c(-c3ccccc3)cc2F)c1-c1ccccc1,4.212503522753488
588,388806,COc1cccc(-c2ccccc2)c1\N=N/c1ccc(-c2ccccc2)c(C)c1,3.6817738483322384
589,311765,COc1cccc(\N=N/c2ccc(C)cc2-c2ccccc2)c1C(=O)O,-2.377970442872407
590,675439,COc1c(\N=N/c2ccc(F)c(C#N)c2-c2ccccc2)cccc1C(=O)O,4.802662730028474
591,562617,COc1cccc(\N=N/c2c(OC)cc(C(=O)O)cc2-c2ccccc2)c1F,4.356097682510226
592,418782,COc1cc(C(=O)O)c(\N=N/c2cccc(OC)c2C#N)cc1C,3.187534560163496
593,729910,O=C(O)c1ccc(\N=N/c2c(-c3ccccc3)ccc(F)c2C(=O)O)cc1C(=O)O,2.4575635672405847
594,335123,COc1cc(-c2ccccc2)ccc1\N=N/c1ccc(F)c(-c2ccccc2)c1-c1ccccc1,4.755695983821207
595,8004,COc1cccc(\N=N/c2cc(C#N)c(C#N)cc2OC)c1,3.0277496622881066
596,6111,COc1cccc(\N=N/c2c(OC)ccc(C(=O)O)c2F)c1,2.6245594661243574
597,52187,Cc1c(\N=N/c2ccccc2C(=O)O)cc(C#N)cc1-c1ccccc1,1.4907179939344386
598,708651,COc1c(\N=N/c2cccc(C(=O)O)c2C(=O)O)ccc(-c2ccccc2)c1F,2.609783716885975
599,832852,COc1cc(C(=O)O)cc(C(=O)O)c1\N=N/c1ccc(C#N)cc1C(=O)O,0.3300189443841298
600,686231,COc1cc(C#N)c(C#N)c(\N=N/c2cccc(C(=O)O)c2C(=O)O)c1,2.2539412254787026
601,327391,COc1c(\N=N/c2cc(C(=O)O)cc(-c3ccccc3)c2C(=O)O)cccc1-c1ccccc1,2.179463830129195
602,880677,COc1cc(C#N)c(\N=N/c2cc(C(=O)O)ccc2C#N)c(C(=O)O)c1,0.3950540101099373
603,927586,COc1ccc(\N=N/c2cc(C)cc(C(=O)O)c2)c(F)c1OC,6.426280833162691
604,422899,COc1cc(\N=N/c2cc(OC)c(OC)cc2F)ccc1C#N,5.397964877649724
605,1138195,COc1cc(C)c(C)c(\N=N/c2cc(C(=O)O)cc(-c3ccccc3)c2)c1,1.4879968614780943
606,642746,COc1cc(\N=N/c2cccc(C#N)c2C#N)cc(C(=O)O)c1,3.376000194137786
607,7603,COc1cccc(\N=N/c2cc(C)c(F)c(-c3ccccc3)c2)c1,4.205129253791908
608,590677,COc1ccc(\N=N/c2ccc(OC)c(-c3ccccc3)c2C(=O)O)c(F)c1,7.345098418602915
609,396126,COc1cc(C#N)cc(\N=N/c2cccc(-c3ccccc3)c2OC)c1-c1ccccc1,4.291280307380432
610,1119260,COc1c(\N=N/c2cc(C(=O)O)ccc2-c2ccccc2)ccc(-c2ccccc2)c1-c1ccccc1,4.7585259615755575
611,1056657,COc1cccc(-c2ccccc2)c1\N=N/c1cc(C)c(C(=O)O)c(-c2ccccc2)c1,1.9800320323529292
612,578052,COc1ccc(F)c(\N=N/c2cc(C#N)c(-c3ccccc3)cc2C#N)c1,4.474385310412445
613,17751,COc1cccc(\N=N/c2ccc(C#N)c(C)c2-c2ccccc2)c1,2.6271445419612878
614,932994,Cc1ccc(C(=O)O)cc1\N=N/c1c(C)cc(C(=O)O)cc1F,1.1091608008082163
615,522572,COc1ccc(\N=N/c2c(C#N)cc(F)cc2C(=O)O)c(C)c1,5.561178402430873
616,41427,O=C(O)c1ccc(\N=N/c2cc(C(=O)O)c(-c3ccccc3)c(-c3ccccc3)c2)cc1,1.9415007967658975
617,684038,COc1cccc(\N=N/c2cc(C)cc(F)c2OC)c1C(=O)O,1.1861144266904604
618,843553,Cc1cc(F)c(C(=O)O)c(\N=N/c2c(C#N)cccc2C(=O)O)c1,6.927431797779581
619,171139,Cc1ccc(C#N)cc1\N=N/c1ccccc1F,1.9277862891799828
620,161971,COc1cc(F)c(\N=N/c2cccc(F)c2)c(-c2ccccc2)c1,4.412397913043187
621,620353,COc1ccc(\N=N/c2ccc(C(=O)O)c(C)c2OC)c(C(=O)O)c1,2.571034790696744
622,876165,N#Cc1cc(C(=O)O)ccc1\N=N/c1c(C(=O)O)ccc(-c2ccccc2)c1C(=O)O,1.5256029120320727
623,563548,COc1cccc(\N=N/c2c(C(=O)O)cc(-c3ccccc3)cc2-c2ccccc2)c1F,2.8056236198156594
624,737850,N#Cc1ccc(\N=N/c2cc(C(=O)O)ccc2C(=O)O)c(F)c1,1.4269618604694858
625,201786,COc1cccc(\N=N/c2cc(C(=O)O)cc(C)c2C)c1OC,4.286763227506984
626,979747,COc1cc(C(=O)O)c(C#N)cc1\N=N/c1cc(F)ccc1C(=O)O,2.346459729019155
627,933778,Cc1ccc(C(=O)O)cc1\N=N/c1c(-c2ccccc2)ccc(-c2ccccc2)c1F,1.5431542163758023
628,719161,COc1cc(\N=N/c2cc(C(=O)O)ccc2C(=O)O)c(F)c(OC)c1,0.5656690151617001
629,598654,COc1ccc(F)c(\N=N/c2cc(C)c(C)cc2OC)c1,4.4485073407464855
630,722962,N#Cc1c(-c2ccccc2)ccc(F)c1\N=N/c1cc(C(=O)O)ccc1C(=O)O,2.281206972697335
631,1186018,N#Cc1cc(C#N)c(-c2ccccc2)c(\N=N/c2ccc(-c3ccccc3)cc2-c2ccccc2)c1,-1.829226871587807
632,378738,COc1ccc(\N=N/c2cc(F)cc(OC)c2C)c(-c2ccccc2)c1,4.270109896862525
633,1147038,COc1cc(F)cc(\N=N/c2ccc(-c3ccccc3)cc2C(=O)O)c1OC,3.4376066329640214
634,287633,COc1ccc(C(=O)O)c(\N=N/c2ccc(C)cc2F)c1,1.6673467017165164
635,1010854,N#Cc1ccc(F)c(\N=N/c2ccc(C(=O)O)cc2F)c1F,4.828431854396427
636,578462,COc1ccc(F)c(\N=N/c2c(OC)ccc(C(=O)O)c2C#N)c1,3.5235944186055357
637,889131,N#Cc1ccc(\N=N/c2c(C#N)cccc2C(=O)O)cc1F,2.286485969663014
638,693649,Cc1ccc(C)c(C(=O)O)c1\N=N/c1ccc(C(=O)O)cc1C(=O)O,4.7238859453953435
639,978055,COc1c(C)cc(F)cc1\N=N/c1ccc(F)cc1C(=O)O,-0.4134488655224964
640,295842,COc1ccc(\N=N/c2cc(C)cc(C(=O)O)c2C#N)c(C(=O)O)c1,4.1012092052636415
641,36094,Cc1cc(\N=N/c2cccc(C(=O)O)c2)c(C#N)c(C(=O)O)c1,2.263193075833985
642,711236,O=C(O)c1ccc(\N=N/c2c(-c3ccccc3)ccc(F)c2C(=O)O)cc1C(=O)O,4.127876303337053
643,297565,COc1ccc(\N=N/c2c(-c3ccccc3)ccc(C(=O)O)c2OC)cc1C(=O)O,-1.4622821597591449
644,198630,COc1cc(C)cc(\N=N/c2c(OC)cccc2OC)c1F,4.867534527801085
645,796491,O=C(O)c1ccc(\N=N/c2cc(-c3ccccc3)c(C(=O)O)cc2-c2ccccc2)c(-c2ccccc2)c1,-1.4511527280163472
646,996912,Cc1cc(F)c(\N=N/c2ccc(F)c(C(=O)O)c2)cc1F,2.548204489381148
647,359284,COc1cc(\N=N/c2c(F)ccc(-c3ccccc3)c2C)cc(-c2ccccc2)c1,-1.4119139979799005
648,320286,COc1cccc(C(=O)O)c1\N=N/c1ccc(C)c(C#N)c1F,4.8047035793753725
649,475247,COc1cc(C)ccc1\N=N/c1ccc(C)c(C(=O)O)c1,3.7513532052529017
650,564018,COc1cccc(\N=N/c2cc(C#N)cc(OC)c2OC)c1F,3.6131740990874444
651,574570,COc1cc(F)cc(\N=N/c2c(-c3ccccc3)ccc(C)c2-c2ccccc2)c1,2.153585860463236
652,98691,COc1cc(C#N)c(C(=O)O)cc1\N=N/c1ccc(C#N)cc1,3.271318228511102
653,854411,N#Cc1ccc(\N=N/c2c(C#N)ccc(-c3ccccc3)c2F)cc1C(=O)O,3.4154566147640586
654,996965,O=C(O)c1cc(\N=N/c2c(C(=O)O)ccc(F)c2F)ccc1F,2.0554346127354903
655,615056,COc1ccc(F)c(\N=N/c2cccc(OC)c2C(=O)O)c1C,-23.533441941353768
656,791711,COc1c(-c2ccccc2)ccc(\N=N/c2cc(C(=O)O)ccc2-c2ccccc2)c1F,3.226990980789768
657,872413,Cc1c(C(=O)O)cc(\N=N/c2ccc(C(=O)O)c(C#N)c2)cc1-c1ccccc1,2.050182827097406
658,1009554,COc1ccc(F)c(C#N)c1\N=N/c1ccc(C(=O)O)cc1F,4.553107672396572
659,700136,COc1c(C#N)ccc(\N=N/c2c(C(=O)O)cccc2C(=O)O)c1OC,1.742531591503065
660,50973,COc1cc(-c2ccccc2)cc(\N=N/c2ccccc2C(=O)O)c1-c1ccccc1,2.033257383214119
661,377695,COc1ccc(\N=N/c2cc(C(=O)O)c(C)cc2-c2ccccc2)c(-c2ccccc2)c1,4.603094875632794
662,706447,N#Cc1ccc(\N=N/c2cccc(C(=O)O)c2C(=O)O)c(-c2ccccc2)c1C(=O)O,2.4629241981766747
663,91473,COc1cc(-c2ccccc2)cc(\N=N/c2ccccc2C#N)c1C,1.8977177755284078
664,248472,COc1cccc(\N=N/c2cccc(OC)c2OC)c1OC,-1.1275012335655852
665,145013,Cc1ccccc1\N=N/c1c(C#N)ccc(C)c1F,2.1339120727960093
666,210611,COc1cc(\N=N/c2ccc(OC)c(-c3ccccc3)c2C#N)cc(OC)c1,1.7080820546036433
667,394156,COc1c(\N=N/c2ccc(-c3ccccc3)c(OC)c2OC)cccc1-c1ccccc1,-2.767255652175637
668,667051,COc1ccc(C(=O)O)cc1\N=N/c1ccc(C(=O)O)c(-c2ccccc2)c1OC,3.7478429443891055
669,1145478,Cc1ccc(C#N)c(-c2ccccc2)c1\N=N/c1cc(-c2ccccc2)ccc1C(=O)O,2.3106768372098756
670,66404,COc1c(C#N)ccc(C)c1\N=N/c1cccc(-c2ccccc2)c1,2.7774054762363782
671,1023730,COc1ccc(\N=N/c2cc(C(=O)O)ccc2F)c(OC)c1C,4.042759280079589
672,871072,COc1ccc(\N=N/c2ccc(C(=O)O)c(C#N)c2)c(F)c1OC,2.137150220427164
673,1027958,N#Cc1ccc(-c2ccccc2)c(\N=N/c2cccc(C(=O)O)c2F)c1C(=O)O,1.5058202790730268
674,790913,COc1c(C(=O)O)ccc(C(=O)O)c1\N=N/c1cc(C(=O)O)ccc1-c1ccccc1,5.278643219410259
675,1174371,Cc1cc(F)c(\N=N/c2c(C(=O)O)cccc2-c2ccccc2)cc1C,1.559481011120055
676,386207,COc1cccc(\N=N/c2c(-c3ccccc3)ccc(C)c2OC)c1-c1ccccc1,1.7125991344832783
677,1066191,COc1ccc(\N=N/c2cc(C)cc(-c3ccccc3)c2F)cc1-c1ccccc1,4.835887757328418
678,236613,COc1ccc(OC)c(\N=N/c2ccc(-c3ccccc3)c(F)c2F)c1,4.877140125384169
679,855649,Cc1c(\N=N/c2ccc(C#N)c(C(=O)O)c2)ccc(F)c1C#N,2.5055371324575035
680,75047,N#Cc1c(\N=N/c2cccc(-c3ccccc3)c2)cc(C(=O)O)cc1-c1ccccc1,2.432665205256682
681,593115,COc1ccc(\N=N/c2c(C#N)ccc(C#N)c2C)c(F)c1,4.45876601011142
682,373174,COc1ccc(\N=N/c2cc(C)c(C#N)cc2F)cc1-c1ccccc1,4.490249512643264
683,767179,COc1c(\N=N/c2cc(-c3ccccc3)ccc2C(=O)O)ccc(C)c1F,3.0067425197172097
684,335689,COc1ccc(-c2ccccc2)cc1\N=N/c1ccc(C(=O)O)c(F)c1,3.0456819251748586
685,451141,COc1ccc(\N=N/c2c(F)ccc(F)c2F)c(C#N)c1,4.098841820022725
686,436964,COc1ccc(\N=N/c2cc(C#N)ccc2C(=O)O)c(C#N)c1,5.071809941351004
687,83268,N#Cc1cccc(\N=N/c2ccccc2-c2ccccc2)c1C(=O)O,-2.207954086959679
688,1098639,COc1cc(C)c(\N=N/c2cccc(-c3ccccc3)c2OC)cc1F,4.080283696663156
689,201511,COc1cccc(\N=N/c2c(C(=O)O)ccc(-c3ccccc3)c2-c2ccccc2)c1OC,2.912809027296488
690,978226,N#Cc1cc(\N=N/c2ccc(F)cc2C(=O)O)c(F)cc1F,2.602899251765423
691,469814,COc1c(C#N)cccc1\N=N/c1cc(C#N)cc(C(=O)O)c1F,4.002187195145659
692,1063558,COc1ccc(\N=N/c2ccc(OC)c(F)c2OC)cc1-c1ccccc1,5.352195429726713
693,319912,COc1cccc(C(=O)O)c1\N=N/c1cc(C)cc(-c2ccccc2)c1-c1ccccc1,0.6818069484313878
694,355006,COc1cc(\N=N/c2ccc(-c3ccccc3)c(OC)c2)cc(-c2ccccc2)c1,1.6557818887755067
695,402610,COc1c(C#N)cccc1\N=N/c1c(-c2ccccc2)ccc(-c2ccccc2)c1F,3.988418264916928
696,115764,N#Cc1cc(C#N)c(\N=N/c2ccccc2C#N)cc1F,3.0694102002020998
697,293260,COc1cc(F)c(C)c(\N=N/c2ccc(OC)cc2C(=O)O)c1,1.8209818402421762
698,713042,COc1cc(\N=N/c2ccc(C(=O)O)c(C(=O)O)c2)c(C)cc1F,2.6134028230539648
699,515033,COc1ccc(\N=N/c2c(C)cc(-c3ccccc3)cc2C(=O)O)cc1C,2.2573426410506796
700,483891,COc1ccc(C)cc1\N=N/c1cc(F)cc(C)c1C,2.000603793731801
701,1124951,Cc1c(\N=N/c2c(C(=O)O)cccc2-c2ccccc2)ccc(C(=O)O)c1F,0.7662981112222221
702,345463,COc1cccc(\N=N/c2ccc(C#N)cc2C(=O)O)c1-c1ccccc1,3.7883606066740327
703,766616,COc1ccc(\N=N/c2cc(-c3ccccc3)ccc2C(=O)O)c(OC)c1C(=O)O,-2.5089385480294806
704,440346,COc1ccc(\N=N/c2c(OC)cc(C)cc2-c2ccccc2)c(C#N)c1,5.932966730033189
705,762424,COc1c(F)ccc(C)c1\N=N/c1ccc(-c2ccccc2)cc1C(=O)O,2.6713629443908027
706,990474,N#Cc1ccc(\N=N/c2cccc(C(=O)O)c2F)c(C(=O)O)c1-c1ccccc1,1.9129561172864102
707,217822,COc1ccc(OC)c(\N=N/c2c(C#N)ccc(F)c2OC)c1,3.768958932258009
708,847845,COc1cc(C(=O)O)c(-c2ccccc2)cc1\N=N/c1cccc(C(=O)O)c1C#N,3.0419811850364575
709,83318,COc1ccc(\N=N/c2ccccc2-c2ccccc2)cc1-c1ccccc1,4.936460812939898
710,510844,COc1ccc(\N=N/c2c(-c3ccccc3)ccc(C(=O)O)c2C)c(C)c1,3.6419636804843525
711,567953,COc1cc(\N=N/c2cc(OC)c(F)c(C(=O)O)c2)ccc1F,3.6082488493433793
712,556299,COc1ccc(F)cc1\N=N/c1ccc(-c2ccccc2)c(C#N)c1F,4.673490572300879
713,542999,COc1cc(-c2ccccc2)cc(\N=N/c2cccc(F)c2OC)c1-c1ccccc1,4.321430455002418
714,662401,COc1cc(C(=O)O)ccc1\N=N/c1c(C#N)ccc(OC)c1C(=O)O,1.674612125380091
715,634694,COc1c(\N=N/c2ccc(C(=O)O)c(C)c2-c2ccccc2)cccc1C(=O)O,3.4451169585450163
716,420900,COc1ccc(-c2ccccc2)c(\N=N/c2cccc(OC)c2C#N)c1C,1.1028205621838825
717,609628,COc1cc(\N=N/c2cccc(F)c2OC)cc(C(=O)O)c1OC,3.8913554701754323
718,740663,N#Cc1cc(C#N)c(F)c(\N=N/c2cc(C(=O)O)ccc2C(=O)O)c1,3.074770831144377
719,531691,COc1cccc(\N=N/c2ccc(C)c(C#N)c2C)c1C,1.5370316683536682
720,157602,COc1c(C(=O)O)ccc(\N=N/c2ccc(F)cc2)c1C(=O)O,2.9856809544973095
721,503483,COc1cc(C)cc(\N=N/c2cc(F)c(-c3ccccc3)cc2C(=O)O)c1,1.3103885460015856
722,145429,Cc1cc(C#N)c(\N=N/c2ccccc2C)c(C(=O)O)c1,0.29567825278271437
723,1190642,N#Cc1c(-c2ccccc2)ccc(C(=O)O)c1\N=N/c1cc(-c2ccccc2)ccc1-c1ccccc1,5.479898175937411
724,895536,COc1ccc(-c2ccccc2)c(C#N)c1\N=N/c1cccc(C#N)c1C(=O)O,3.837177722953594
725,32851,COc1cc(C)cc(\N=N/c2ccccc2C(=O)O)c1C(=O)O,-0.06030029524397269
726,1134809,N#Cc1cc(\N=N/c2ccc(C(=O)O)c(-c3ccccc3)c2)c(-c2ccccc2)c(-c2ccccc2)c1,3.151615611728615
727,204851,COc1ccc(\N=N/c2c(OC)cccc2-c2ccccc2)cc1OC,3.485933945396367
728,129839,COc1cc(C(=O)O)c(C#N)cc1\N=N/c1ccc(C)cc1,3.132213937306404
729,323233,COc1c(\N=N/c2c(F)cc(C(=O)O)cc2-c2ccccc2)cccc1C(=O)O,2.8895161334736463
730,838892,COc1ccc(C(=O)O)c(\N=N/c2cc(C#N)ccc2C(=O)O)c1-c1ccccc1,1.7939882062685593
731,114885,Cc1cc(-c2ccccc2)cc(\N=N/c2ccccc2C#N)c1C(=O)O,1.4494928372062836
732,853678,N#Cc1ccc(\N=N/c2c(-c3ccccc3)cc(F)cc2-c2ccccc2)cc1C(=O)O,3.27202572295433
733,894224,COc1ccc(\N=N/c2cccc(C#N)c2C(=O)O)c(C#N)c1C(=O)O,5.88390471183002
734,538039,COc1cc(F)c(\N=N/c2cccc(C)c2OC)cc1OC,-1.1593656946404511
735,431289,COc1cc(C#N)cc(\N=N/c2cc(OC)c(F)cc2C)c1,0.17706408898029014
736,1025676,COc1cc(C(=O)O)cc(\N=N/c2cccc(C(=O)O)c2F)c1C(=O)O,0.48678338523675085
737,416599,COc1cccc(C#N)c1\N=N/c1cc(C)c(C)cc1C#N,3.4541239069766916
738,134138,Cc1cccc(\N=N/c2ccc(-c3ccccc3)c(-c3ccccc3)c2-c2ccccc2)c1,3.457280420625061
739,984713,O=C(O)c1cccc(F)c1\N=N/c1cc(F)cc(C(=O)O)c1-c1ccccc1,1.9175004084936405
740,357396,COc1cc(\N=N/c2ccc(F)c(C)c2-c2ccccc2)cc(-c2ccccc2)c1,3.3769253791708396
741,865265,N#Cc1ccc(C(=O)O)cc1\N=N/c1cc(F)cc(C(=O)O)c1F,3.3992930879668153
742,934355,Cc1ccc(C(=O)O)cc1\N=N/c1cc(C#N)cc(C(=O)O)c1C,1.0099483114280028
743,145453,Cc1ccccc1\N=N/c1c(C)ccc(-c2ccccc2)c1C#N,2.168470455005812
744,370832,COc1ccc(\N=N/c2ccc(C(=O)O)c(-c3ccccc3)c2-c2ccccc2)cc1-c1ccccc1,4.292940198184308
745,489348,COc1cccc(C)c1\N=N/c1cc(-c2ccccc2)cc(C)c1F,2.8956386814957806
746,701759,O=C(O)c1cccc(C(=O)O)c1\N=N/c1c(C(=O)O)ccc(-c2ccccc2)c1-c1ccccc1,-0.6239828837201516
747,653742,COc1cc(C(=O)O)ccc1\N=N/c1cc(C(=O)O)c(C)c(-c2ccccc2)c1,3.2767332821023825
748,451495,COc1ccc(C#N)c(\N=N/c2c(C)cccc2C#N)c1,4.367254325580619
749,1150007,Cc1cc(\N=N/c2ccc(-c3ccccc3)cc2C(=O)O)cc(C#N)c1C(=O)O,1.2985516198217473
750,1059323,COc1c(\N=N/c2ccc(C)c(-c3ccccc3)c2C(=O)O)cccc1-c1ccccc1,1.9280311911035906
751,29895,N#Cc1ccc(F)c(\N=N/c2ccccc2C(=O)O)c1,2.711118689583498
752,482793,COc1ccc(C)cc1\N=N/c1ccc(C(=O)O)c(C#N)c1C,2.531360679474459
753,441164,COc1ccc(\N=N/c2cc(-c3ccccc3)c(F)cc2F)c(C#N)c1,5.819087336706412
754,411763,COc1ccc(C#N)cc1\N=N/c1c(C)ccc(C)c1-c1ccccc1,3.506968299288672
755,815085,Cc1ccc(\N=N/c2cccc(C(=O)O)c2-c2ccccc2)c(C(=O)O)c1C,3.4576885904956782
756,498145,COc1cc(\N=N/c2c(C)ccc(C#N)c2C)ccc1C,1.7370893265965637
757,264283,COc1ccc(C(=O)O)cc1\N=N/c1cc(C(=O)O)cc(OC)c1C(=O)O,1.645740910006585
758,817652,COc1c(-c2ccccc2)ccc(F)c1\N=N/c1cccc(C(=O)O)c1-c1ccccc1,3.588547850354745
759,541851,COc1c(C)cccc1\N=N/c1ccc(-c2ccccc2)c(F)c1C,2.9680208048555734
760,242628,COc1cccc(\N=N/c2ccc(C#N)c(C)c2C)c1OC,2.3380786410479226
761,17065,COc1cccc(\N=N/c2ccc(C#N)c(-c3ccccc3)c2OC)c1,-3.6486576663303003
762,800587,COc1c(C(=O)O)ccc(\N=N/c2ccc(C(=O)O)c(-c3ccccc3)c2)c1-c1ccccc1,1.7197557128364722
763,513538,COc1ccc(\N=N/c2cccc(OC)c2C(=O)O)cc1C,2.013311482308064
764,159227,N#Cc1cc(C#N)c(\N=N/c2ccc(F)cc2)c(-c2ccccc2)c1,1.977310899896585
765,1172793,N#Cc1cc(C#N)c(C#N)c(\N=N/c2c(C(=O)O)cccc2-c2ccccc2)c1,2.456339057628733
766,671142,COc1c(\N=N/c2cc(C)ccc2C(=O)O)cccc1C(=O)O,-3.161057941352315
767,788881,Cc1ccc(\N=N/c2cc(C(=O)O)cc(-c3ccccc3)c2)c(C)c1C,2.1338576501531934
768,1101996,COc1cccc(-c2ccccc2)c1\N=N/c1c(F)cc(-c2ccccc2)cc1C(=O)O,5.399760825073015
769,275893,COc1cccc(\N=N/c2ccc(-c3ccccc3)c(C)c2C#N)c1C(=O)O,1.3051639716849097
770,360889,COc1ccc(-c2ccccc2)c(\N=N/c2ccc(OC)c(F)c2F)c1,5.2555135935282395
771,235645,COc1ccc(OC)c(\N=N/c2c(C#N)ccc(C(=O)O)c2F)c1,5.251377472197814
772,24155,COc1ccccc1\N=N/c1ccc(-c2ccccc2)c(C#N)c1F,4.740049472192587
773,469819,COc1c(C#N)cccc1\N=N/c1cc(C(=O)O)cc(F)c1C#N,9.109589549037524
774,459978,COc1cccc(\N=N/c2c(F)ccc(C)c2C#N)c1C#N,2.4270868837183923
775,622763,COc1cc(F)c(C(=O)O)c(\N=N/c2ccc(OC)cc2C(=O)O)c1,2.453726770476582
776,1175413,COc1cc(C#N)c(C)c(\N=N/c2cccc(C(=O)O)c2-c2ccccc2)c1,2.3184592760358864
777,583500,COc1ccc(\N=N/c2ccc(C#N)c(C#N)c2C(=O)O)c(F)c1,3.778618952477722
778,333388,COc1cc(\N=N/c2ccc(-c3ccccc3)cc2OC)c(C#N)c(OC)c1,3.4121912558114955
779,904604,Cc1ccc(\N=N/c2c(C#N)ccc(C(=O)O)c2C#N)c(C(=O)O)c1,0.6920928291239173
780,337154,COc1ccc(-c2ccccc2)cc1\N=N/c1ccc(OC)c(C#N)c1C(=O)O,4.020255514658012
781,914382,COc1c(C)ccc(\N=N/c2c(C)cccc2C(=O)O)c1-c1ccccc1,3.9845814681467386
782,542557,COc1c(F)cccc1\N=N/c1ccc(C)c(C(=O)O)c1,3.6751614964628887
783,50187,COc1cc(C)c(F)c(\N=N/c2ccccc2C(=O)O)c1,0.9442873852355657
784,1096651,COc1c(\N=N/c2ccc(C(=O)O)c(-c3ccccc3)c2C(=O)O)cccc1-c1ccccc1,1.0392276966659388
785,639634,COc1ccc(\N=N/c2cc(C(=O)O)c(F)cc2F)cc1C(=O)O,4.420125929220195
786,669033,COc1ccc(C(=O)O)cc1\N=N/c1cc(F)cc(OC)c1C#N,2.479169358944329
787,998017,COc1ccc(\N=N/c2cc(F)cc(C(=O)O)c2)c(OC)c1F,4.225619381194181
788,287967,COc1ccc(C(=O)O)c(\N=N/c2c(F)ccc(OC)c2C(=O)O)c1,0.7961217229501896
789,437221,COc1ccc(\N=N/c2ccc(OC)c(OC)c2OC)c(C#N)c1,6.8102054115298305
790,412391,COc1ccc(C#N)cc1\N=N/c1ccc(F)c(C#N)c1C#N,4.6217618442841815
791,996096,COc1c(C)ccc(C)c1\N=N/c1ccc(F)c(C(=O)O)c1,3.814973282104628
792,186793,COc1ccc(\N=N/c2cc(C(=O)O)c(C(=O)O)cc2C(=O)O)c(OC)c1,3.610099219409486
793,600454,COc1cccc(\N=N/c2ccc(C(=O)O)c(C#N)c2OC)c1F,2.6363963923103833
794,980016,O=C(O)c1ccc(F)cc1\N=N/c1cc(-c2ccccc2)cc(F)c1C(=O)O,0.27736503134056645
795,258160,COc1c(\N=N/c2c(F)ccc(F)c2F)cccc1C(=O)O,3.8332865035344015
796,993422,COc1cc(C)c(\N=N/c2ccc(F)c(C(=O)O)c2)c(F)c1,3.69687613346464
797,199586,COc1cccc(OC)c1\N=N/c1ccc(F)c(F)c1-c1ccccc1,5.252765249750487
798,350876,COc1cc(\N=N/c2ccc(-c3ccccc3)c(OC)c2F)ccc1-c1ccccc1,3.401932586446561
799,276571,COc1cccc(\N=N/c2c(C)ccc(F)c2C#N)c1C(=O)O,2.5947902770453934
800,888457,COc1cc(F)c(-c2ccccc2)cc1\N=N/c1cccc(C(=O)O)c1C#N,4.763451211325809
801,933498,COc1ccc(-c2ccccc2)c(\N=N/c2cc(C(=O)O)ccc2C)c1C#N,-1.8151858281078737
802,480473,COc1ccc(C)cc1\N=N/c1ccc(OC)c(OC)c1-c1ccccc1,5.325419486355296
803,720986,COc1cc(C)c(-c2ccccc2)cc1\N=N/c1cc(C(=O)O)ccc1C(=O)O,1.4149616663302635
804,26321,COc1ccccc1\N=N/c1c(C)cc(C(=O)O)cc1C#N,3.211589371084756
805,119928,Cc1ccccc1\N=N/c1ccc(F)c(-c2ccccc2)c1C,2.0942107502523166
806,755366,Cc1c(C(=O)O)ccc(\N=N/c2cccc(C(=O)O)c2C(=O)O)c1F,1.3601308473203875
807,277624,COc1cc(\N=N/c2cc(C(=O)O)cc(C(=O)O)c2)ccc1C(=O)O,1.5389636723963733
808,743308,COc1ccc(C)c(\N=N/c2cccc(C(=O)O)c2C(=O)O)c1-c1ccccc1,2.326432194136502
809,368943,COc1ccc(\N=N/c2cc(F)cc(-c3ccccc3)c2F)c(-c2ccccc2)c1,5.642295360971137
810,258550,COc1cc(C(=O)O)ccc1\N=N/c1c(C)cccc1-c1ccccc1,4.076963915067777
811,741811,O=C(O)c1ccc(C(=O)O)c(\N=N/c2c(C(=O)O)cc(F)cc2-c2ccccc2)c1,2.7215406268954423
812,135657,Cc1cccc(\N=N/c2ccc(F)c(-c3ccccc3)c2C)c1,2.285860109202572
813,591366,COc1ccc(\N=N/c2c(C(=O)O)ccc(OC)c2C(=O)O)c(F)c1,5.372984881701598
814,628009,COc1ccc(C(=O)O)c(\N=N/c2cc(C(=O)O)c(C)cc2F)c1,1.7632394095075383
815,862176,N#Cc1cc(\N=N/c2cc(C(=O)O)ccc2C#N)c(C#N)c(C(=O)O)c1,1.8210906855401825
816,641514,COc1ccc(\N=N/c2cc(C)c(C#N)cc2C#N)cc1C(=O)O,3.160241601617268
817,1096311,COc1ccc(\N=N/c2cccc(-c3ccccc3)c2OC)c(-c2ccccc2)c1F,4.951617520727489
818,771893,COc1ccc(\N=N/c2c(C(=O)O)cccc2-c2ccccc2)c(C#N)c1F,3.573935369063372
819,296294,COc1ccc(\N=N/c2c(F)ccc(C(=O)O)c2OC)c(C(=O)O)c1,0.7694274135491834
820,63519,Fc1ccc(\N=N/c2ccccc2-c2ccccc2)c(-c2ccccc2)c1F,3.926158754296468
821,58140,O=C(O)c1ccccc1\N=N/c1c(-c2ccccc2)ccc(C(=O)O)c1F,-0.4828377431747424
822,577998,COc1ccc(F)c(\N=N/c2c(-c3ccccc3)ccc(OC)c2C#N)c1,0.1257163195189893
823,803096,Cc1ccc(F)c(C)c1\N=N/c1ccc(C(=O)O)c(-c2ccccc2)c1,1.0740309807869746
824,268966,COc1cc(C)c(\N=N/c2c(OC)cccc2C(=O)O)c(F)c1,2.7381395348847106
825,952032,COc1c(F)cc(\N=N/c2cc(C(=O)O)ccc2C)cc1-c1ccccc1,2.9800209989886084
826,1148198,Cc1cc(C#N)cc(\N=N/c2ccc(-c3ccccc3)cc2C(=O)O)c1C(=O)O,-2.3132891243682137
827,312967,COc1cccc(\N=N/c2c(F)ccc(-c3ccccc3)c2C(=O)O)c1C(=O)O,1.5288682709784482
828,251651,COc1cccc(\N=N/c2cc(C#N)cc(C)c2OC)c1OC,4.609897706776748
829,46430,N#Cc1cc(C(=O)O)c(\N=N/c2cccc(C(=O)O)c2)c(-c2ccccc2)c1,3.273467923156007
830,558722,COc1cccc(F)c1\N=N/c1ccc(F)c(C(=O)O)c1-c1ccccc1,4.850336970678969
831,150466,Cc1cc(C)c(\N=N/c2ccccc2F)cc1C,3.16320763599722
832,14497,COc1ccc(\N=N/c2ccc(F)c(-c3ccccc3)c2C)cc1,3.711570248738798
833,518817,COc1ccc(\N=N/c2ccc(C(=O)O)c(OC)c2OC)c(C)c1,2.0617748513660112
834,785031,N#Cc1cccc(\N=N/c2cc(C(=O)O)cc(-c3ccccc3)c2)c1C(=O)O,1.4360232315501638
835,535644,COc1cccc(C)c1\N=N/c1c(F)ccc(-c2ccccc2)c1C#N,1.5110448533835157
836,662691,COc1cc(C(=O)O)ccc1\N=N/c1c(OC)ccc(C#N)c1F,4.01884052578393
837,71076,COc1c(\N=N/c2ccc(-c3ccccc3)cc2)cc(F)cc1-c1ccccc1,3.2373857067741167
838,472783,COc1c(C)cccc1\N=N/c1cc(C(=O)O)c(C)c(-c2ccccc2)c1,3.7503735975708454
839,841389,N#Cc1ccc(C(=O)O)c(\N=N/c2ccc(F)c(-c3ccccc3)c2F)c1,1.1841552113263474
840,426255,COc1cc(\N=N/c2c(C)ccc(C)c2F)ccc1C#N,1.3610560323534409
841,1185033,O=C(O)c1ccc(\N=N/c2ccc(-c3ccccc3)cc2-c2ccccc2)c(C(=O)O)c1C(=O)O,3.8250414722011445
842,902092,Cc1cc(F)c(\N=N/c2cccc(C)c2C(=O)O)c(C#N)c1,3.3973610839241104
843,666817,COc1cc(OC)c(\N=N/c2cc(C(=O)O)ccc2OC)c(-c2ccccc2)c1,6.004097132459722
844,1119750,COc1c(C(=O)O)cc(\N=N/c2cc(C(=O)O)ccc2-c2ccccc2)cc1-c1ccccc1,3.908797929221156
845,913392,COc1cc(\N=N/c2c(C)cccc2C(=O)O)cc(-c2ccccc2)c1C,1.8864250758324137
846,263740,COc1ccc(C(=O)O)cc1\N=N/c1cc(C)c(C(=O)O)c(OC)c1,3.047477872598149
847,433367,COc1ccc(C#N)c(\N=N/c2c(OC)ccc(-c3ccccc3)c2C(=O)O)c1,0.2818821112263886
848,757282,COc1c(\N=N/c2cccc(-c3ccccc3)c2C(=O)O)ccc(C(=O)O)c1-c1ccccc1,-0.09232802426584814
849,155602,COc1cc(F)cc(F)c1\N=N/c1cccc(F)c1,3.83083748432926
850,376657,COc1ccc(\N=N/c2c(C)cc(-c3ccccc3)cc2C)c(-c2ccccc2)c1,4.578278147619303
851,206506,COc1ccc(\N=N/c2c(C(=O)O)ccc(C#N)c2C#N)cc1OC,3.184922273005158
852,1029614,COc1cc(\N=N/c2cccc(C(=O)O)c2F)c(F)cc1C,4.666143514660706
853,968867,Cc1cc(F)cc(F)c1\N=N/c1cccc(C)c1C(=O)O,2.3071665763398923
854,193071,COc1ccc(OC)c(\N=N/c2cc(C#N)c(C(=O)O)cc2OC)c1,3.8268374196182484
855,725388,O=C(O)c1ccc(\N=N/c2cc(C(=O)O)cc(-c3ccccc3)c2C(=O)O)c(C(=O)O)c1,3.383347251765585
856,1116510,COc1cc(C#N)cc(\N=N/c2ccc(C(=O)O)cc2-c2ccccc2)c1C(=O)O,1.322443162789811
857,352806,COc1cc(\N=N/c2cc(C#N)cc(OC)c2F)ccc1-c1ccccc1,2.928482750252703
858,10432,COc1ccc(\N=N/c2cc(C#N)c(OC)cc2OC)cc1,5.539001172903315
859,550032,COc1cc(F)ccc1\N=N/c1cc(C#N)cc(OC)c1C#N,4.433132942369069
860,290408,COc1ccc(C(=O)O)c(\N=N/c2c(C#N)ccc(C(=O)O)c2C)c1,-0.09880431950959633
861,908666,COc1cc(\N=N/c2cc(C)ccc2C(=O)O)c(C(=O)O)cc1C,2.809215514662241
862,455540,COc1ccc(C#N)c(\N=N/c2cc(F)cc(-c3ccccc3)c2C#N)c1,2.943993205255721
863,330503,COc1c(\N=N/c2c(F)cc(C)cc2C(=O)O)cccc1-c1ccccc1,2.168824202227426
864,1159078,N#Cc1cc(\N=N/c2ccc(-c3ccccc3)cc2C(=O)O)cc(C#N)c1F,2.8772710374108166
865,1151831,COc1ccc(F)c(C(=O)O)c1\N=N/c1ccc(-c2ccccc2)c(C(=O)O)c1,3.4524912275065973
866,943046,Cc1cc(\N=N/c2ccc(C)c(-c3ccccc3)c2-c2ccccc2)ccc1C(=O)O,3.1765683963615206
867,745400,N#Cc1c(F)ccc(\N=N/c2cccc(C(=O)O)c2C(=O)O)c1C#N,0.9967780303383067
868,627594,COc1ccc(C(=O)O)c(\N=N/c2ccc(F)c(C)c2OC)c1,2.2723088695698537
869,679286,COc1cccc(C(=O)O)c1\N=N/c1ccc(F)c(OC)c1C,1.6007333791696179
870,281672,COc1cc(\N=N/c2ccc(OC)c(OC)c2F)ccc1C(=O)O,6.244128226491326
871,701450,N#Cc1c(F)cc(C(=O)O)cc1\N=N/c1c(C(=O)O)cccc1C(=O)O,3.866103360969916
872,1027331,COc1cc(C#N)c(-c2ccccc2)c(\N=N/c2cccc(C(=O)O)c2F)c1,4.107549443881789
873,566558,COc1cc(\N=N/c2ccc(F)cc2C(=O)O)ccc1F,4.134869613749425
874,64503,COc1ccc(\N=N/c2cccc(-c3ccccc3)c2)c(F)c1-c1ccccc1,2.2523901799790194
875,1185490,COc1c(F)cc(C(=O)O)cc1\N=N/c1ccc(-c2ccccc2)cc1-c1ccccc1,4.839724554098608
876,354150,COc1cc(\N=N/c2c(OC)ccc(F)c2OC)ccc1-c1ccccc1,3.545934916073916
877,989554,COc1c(-c2ccccc2)ccc(\N=N/c2cccc(C(=O)O)c2F)c1C#N,3.233358430741697
878,1110188,COc1cc(\N=N/c2cccc(C(=O)O)c2-c2ccccc2)c(C)c(-c2ccccc2)c1,2.428148125377047
879,946461,COc1ccc(C#N)c(F)c1\N=N/c1ccc(C(=O)O)cc1C,2.9523742932269537
880,1032304,O=C(O)c1cccc(F)c1\N=N/c1cc(F)c(-c2ccccc2)cc1-c1ccccc1,3.1195878827129264
881,860988,N#Cc1ccc(C(=O)O)cc1\N=N/c1c(F)cccc1C#N,3.3337410070785714
882,958188,COc1c(C)ccc(C(=O)O)c1\N=N/c1cccc(C(=O)O)c1C,2.7442892942344397
883,468581,COc1c(C#N)cccc1\N=N/c1c(C#N)ccc(C#N)c1C(=O)O,4.508372254804621
884,156269,COc1ccc(C#N)c(\N=N/c2ccc(F)cc2)c1,3.2143377148686954
885,581827,COc1ccc(\N=N/c2cc(C(=O)O)c(C(=O)O)c(C(=O)O)c2)c(F)c1,4.927535498484821
886,1086827,COc1cc(-c2ccccc2)ccc1\N=N/c1ccc(OC)c(C(=O)O)c1C,4.286681593524198
887,770146,COc1cc(F)c(C#N)c(\N=N/c2cc(-c3ccccc3)ccc2C(=O)O)c1,2.1199798746202694
888,1128414,COc1cc(F)c(\N=N/c2cccc(-c3ccccc3)c2C(=O)O)cc1OC,4.208367401410689
889,176617,COc1cc(C#N)c(\N=N/c2ccccc2)c(-c2ccccc2)c1,5.113960283112213
890,471371,COc1ccc(-c2ccccc2)c(C)c1\N=N/c1cccc(C)c1OC,2.2141854802860066
891,467265,COc1c(C#N)cccc1\N=N/c1cc(C)c(C(=O)O)cc1C(=O)O,2.1935865075795395
892,949211,Cc1cc(C(=O)O)ccc1\N=N/c1c(C)ccc(C)c1C#N,2.0211483437830777
893,1124338,COc1ccc(\N=N/c2c(C(=O)O)cccc2-c2ccccc2)c(C)c1F,2.7632555874646254
894,724824,N#Cc1ccc(-c2ccccc2)c(C(=O)O)c1\N=N/c1ccc(C(=O)O)cc1C(=O)O,2.730384307380108
895,26125,COc1ccccc1\N=N/c1c(C(=O)O)ccc(F)c1-c1ccccc1,1.609386580385866
896,106124,COc1cc(C#N)cc(\N=N/c2cccc(C#N)c2)c1C,1.5461202507619414
897,758416,Cc1c(F)cc(C(=O)O)cc1\N=N/c1cccc(-c2ccccc2)c1C(=O)O,3.4330895530843866
898,1084674,COc1cc(\N=N/c2cc(C(=O)O)cc(C)c2C(=O)O)ccc1-c1ccccc1,5.52229341961604
899,789024,COc1ccc(OC)c(\N=N/c2cc(C(=O)O)cc(-c3ccccc3)c2)c1F,2.966769083922314
900,335834,COc1ccc(-c2ccccc2)cc1\N=N/c1cccc(C#N)c1C#N,4.021888194134293
901,71092,O=C(O)c1ccc(F)c(-c2ccccc2)c1\N=N/c1ccc(-c2ccccc2)cc1,2.813678171892873
902,1030194,Cc1c(F)cccc1\N=N/c1c(F)cccc1C(=O)O,0.15899576946174987
903,750108,N#Cc1cc(C#N)c(C#N)c(\N=N/c2c(C(=O)O)cccc2C(=O)O)c1,3.0625529464091423
904,995357,N#Cc1ccc(\N=N/c2ccc(F)c(C(=O)O)c2)c(C#N)c1F,3.2650868351909614
905,912587,Cc1cccc(C(=O)O)c1\N=N/c1ccc(-c2ccccc2)cc1F,3.7946736339707714
906,597023,COc1ccc(F)c(\N=N/c2cc(C#N)cc(-c3ccccc3)c2-c2ccccc2)c1,3.8553004651211373
907,1060670,COc1c(\N=N/c2c(C#N)ccc(C(=O)O)c2F)cccc1-c1ccccc1,8.580628610718158
908,153274,N#Cc1c(\N=N/c2cccc(F)c2)cc(F)cc1C(=O)O,2.1166056703697005
909,555025,COc1ccc(F)cc1\N=N/c1c(F)cc(C)cc1C#N,4.903480687557374
910,823245,O=C(O)c1c(\N=N/c2cc(F)ccc2F)cccc1-c1ccccc1,1.5445419939346632
911,74892,O=C(O)c1ccc(\N=N/c2cccc(-c3ccccc3)c2)c(C(=O)O)c1-c1ccccc1,-1.6950478301333614
912,301647,COc1ccc(\N=N/c2cc(-c3ccccc3)c(F)cc2F)cc1C(=O)O,4.942556149646811
913,28477,COc1ccccc1\N=N/c1cc(C)c(C)c(C#N)c1,3.569200598581537
914,665582,COc1cc(C(=O)O)ccc1\N=N/c1ccc(C)c(C)c1F,2.958959433768708
915,493243,COc1cccc(\N=N/c2ccc(F)c(-c3ccccc3)c2C)c1C,0.7690464550061615
916,700533,COc1ccc(\N=N/c2c(C(=O)O)cccc2C(=O)O)c(F)c1C#N,4.971672266937738
917,773616,N#Cc1c(\N=N/c2c(C(=O)O)cccc2-c2ccccc2)ccc(F)c1C(=O)O,2.010291025279109
918,270135,COc1cccc(C(=O)O)c1\N=N/c1ccc(-c2ccccc2)c(-c2ccccc2)c1C,-1.060697431750269
919,950274,Cc1ccc(C#N)c(\N=N/c2cc(C(=O)O)ccc2C)c1,1.9718414236624884
920,793900,O=C(O)c1ccc(-c2ccccc2)c(\N=N/c2c(F)cc(C(=O)O)cc2C(=O)O)c1,1.5618756076823803
921,413896,COc1cccc(C#N)c1\N=N/c1ccc(C(=O)O)c(OC)c1OC,1.1235011688607606
922,44601,O=C(O)c1cccc(\N=N/c2cc(F)ccc2F)c1,2.5836064226474056
923,340006,COc1ccc(-c2ccccc2)cc1\N=N/c1cc(F)c(-c2ccccc2)cc1F,4.595448493426198
924,58432,Cc1cc(F)cc(C#N)c1\N=N/c1ccccc1C(=O)O,4.072310778568728
925,191134,COc1ccc(OC)c(\N=N/c2c(F)cc(OC)cc2-c2ccccc2)c1,5.21956743377195
926,257728,COc1c(\N=N/c2c(F)cc(-c3ccccc3)cc2-c2ccccc2)cccc1C(=O)O,4.16948241860823
927,148115,COc1c(C#N)cc(C(=O)O)cc1\N=N/c1ccccc1F,2.618300861476622
928,782720,Cc1cc(\N=N/c2ccc(-c3ccccc3)c(C(=O)O)c2)c(F)cc1-c1ccccc1,3.7440061476251034
929,1145860,Cc1c(\N=N/c2cc(-c3ccccc3)ccc2C(=O)O)ccc(F)c1F,1.4790987583382385
930,456360,COc1cccc(\N=N/c2ccc(C(=O)O)c(F)c2)c1C#N,2.795990810917355
931,182599,COc1cccc(\N=N/c2ccc(-c3ccccc3)c(OC)c2C)c1OC,-1.2361560525756858
932,289489,COc1ccc(C(=O)O)c(\N=N/c2ccc(C#N)c(-c3ccccc3)c2-c2ccccc2)c1,0.05461312841386364
933,382099,COc1ccc(-c2ccccc2)c(\N=N/c2c(F)ccc(C#N)c2C#N)c1,3.3438091971689015
934,628031,COc1ccc(C(=O)O)c(\N=N/c2cc(C)cc(F)c2-c2ccccc2)c1,2.177341346811885
935,472066,COc1c(C)cccc1\N=N/c1cc(C(=O)O)cc(C)c1C(=O)O,2.261288283112688
936,371245,COc1ccc(\N=N/c2c(F)ccc(F)c2C(=O)O)cc1-c1ccccc1,6.313190568249554
937,222916,COc1ccc(\N=N/c2ccc(C)c(OC)c2C(=O)O)c(OC)c1,3.8814505480259247
938,1019090,COc1ccc(C)c(\N=N/c2ccc(C(=O)O)cc2F)c1-c1ccccc1,3.4104225197158
939,967888,Cc1cc(C#N)c(C#N)c(\N=N/c2cccc(C)c2C(=O)O)c1,2.3772085257863633
940,222882,COc1ccc(\N=N/c2cc(C)cc(C)c2OC)c(OC)c1,4.269647304342905
941,434696,COc1ccc(C#N)c(\N=N/c2cc(C#N)c(C(=O)O)cc2OC)c1,2.8394472962608255
942,862034,N#Cc1ccc(C(=O)O)cc1\N=N/c1cc(-c2ccccc2)c(-c2ccccc2)cc1C(=O)O,2.0756526268989353
943,931630,Cc1ccc(C(=O)O)cc1\N=N/c1ccc(F)cc1-c1ccccc1,3.9818603356903943
944,941864,COc1cc(C#N)cc(\N=N/c2ccc(C(=O)O)c(C)c2)c1C(=O)O,1.832192905967759
945,588540,COc1ccc(\N=N/c2c(C#N)ccc(F)c2-c2ccccc2)cc1F,5.023754742163675
946,285795,COc1cc(\N=N/c2ccc(OC)c(C)c2C(=O)O)cc(C(=O)O)c1,1.7645183417622057
947,827695,Cc1c(\N=N/c2cccc(C#N)c2C(=O)O)cccc1-c1ccccc1,0.6652624630911227
948,895473,COc1cc(OC)c(\N=N/c2cccc(C#N)c2C(=O)O)c(-c2ccccc2)c1,6.872029540945891
949,732721,Cc1cc(F)cc(\N=N/c2ccc(C(=O)O)c(C(=O)O)c2)c1C,1.4384722507614924
950,642407,COc1cc(\N=N/c2ccc(OC)c(C(=O)O)c2)c(F)cc1F,3.857831118302877
951,998486,O=C(O)c1cc(F)cc(\N=N/c2ccc(C(=O)O)c(F)c2-c2ccccc2)c1,3.8606610960572274
952,895404,N#Cc1cccc(\N=N/c2ccc(C(=O)O)c(F)c2-c2ccccc2)c1C(=O)O,3.1573027785587238
953,786058,COc1ccc(\N=N/c2cc(C(=O)O)cc(-c3ccccc3)c2)c(C(=O)O)c1F,2.0015561900924497
954,770299,Cc1ccc(\N=N/c2cc(-c3ccccc3)ccc2C(=O)O)c(F)c1C(=O)O,1.824981904953188
955,150559,Cc1ccc(-c2ccccc2)c(\N=N/c2ccccc2F)c1F,4.2623274580365145
956,684639,COc1cccc(\N=N/c2ccc(C)c(F)c2F)c1C(=O)O,0.14171657836303586
957,765235,COc1c(F)cc(C)cc1\N=N/c1ccc(-c2ccccc2)cc1C(=O)O,2.6327772861485808
958,67719,Cc1cc(C)c(\N=N/c2cccc(-c3ccccc3)c2)cc1F,2.1046054762366655
959,1068586,COc1cc(\N=N/c2c(F)cc(C(=O)O)cc2C(=O)O)cc(-c2ccccc2)c1,0.762134778564201
960,933074,Cc1ccc(C(=O)O)cc1\N=N/c1c(F)cc(C(=O)O)cc1C#N,2.383902511626124
961,185223,COc1cccc(\N=N/c2ccc(C)c(C)c2F)c1OC,4.507011688579542
962,710941,N#Cc1c(\N=N/c2ccc(C(=O)O)c(C(=O)O)c2)ccc(F)c1C(=O)O,1.9152690798783245
963,682232,COc1cccc(\N=N/c2ccc(C(=O)O)c(F)c2C#N)c1C(=O)O,1.9864539049538614
964,571115,COc1cc(F)cc(\N=N/c2c(C)cccc2-c2ccccc2)c1,1.5634266531820633
965,148558,COc1c(-c2ccccc2)ccc(\N=N/c2ccccc2F)c1C,1.9895015733042245
966,7868,COc1cccc(\N=N/c2cc(C#N)cc(F)c2C(=O)O)c1,1.1901689140566623
967,412793,COc1cccc(C#N)c1\N=N/c1ccc(F)cc1C(=O)O,2.4096172133512606
968,206270,COc1ccc(\N=N/c2c(C)ccc(C(=O)O)c2C(=O)O)cc1OC,3.894675251770811
969,309808,COc1ccc(C(=O)O)c(\N=N/c2ccc(C#N)c(C)c2C)c1,0.10832828311608186
970,117902,COc1ccc(C)c(\N=N/c2ccccc2C)c1OC,1.999352072804729
971,559075,COc1cccc(F)c1\N=N/c1cc(-c2ccccc2)cc(C)c1C,3.191643470172514
972,1113398,O=C(O)c1cc(F)c(\N=N/c2cccc(C(=O)O)c2-c2ccccc2)c(C(=O)O)c1,-0.04944297674619087
973,49272,N#Cc1ccc(\N=N/c2ccccc2C(=O)O)cc1C#N,3.7135838867519144
974,964947,COc1cc(C#N)c(\N=N/c2cccc(C)c2C(=O)O)c(OC)c1,4.99202633771441
975,580054,COc1ccc(F)c(\N=N/c2c(C(=O)O)cc(F)cc2-c2ccccc2)c1,3.647024986854019
976,229090,COc1ccc(C(=O)O)c(\N=N/c2ccc(OC)cc2OC)c1,3.161547745193343
977,510551,COc1ccc(\N=N/c2c(F)cc(C(=O)O)cc2C(=O)O)c(C)c1,2.7757183741110936
978,573288,COc1cc(F)cc(\N=N/c2cc(C#N)cc(-c3ccccc3)c2C)c1,-0.117008695653738
979,302977,COc1ccc(\N=N/c2ccc(OC)c(OC)c2C(=O)O)c(C(=O)O)c1,1.76919868958885
980,441416,COc1ccc(\N=N/c2cc(OC)c(F)cc2F)c(C#N)c1,3.8200890111232972
981,942055,COc1cc(C(=O)O)c(-c2ccccc2)cc1\N=N/c1ccc(C(=O)O)c(C)c1,2.7766163478227393
982,1043087,COc1cccc(\N=N/c2c(F)cc(C)cc2C(=O)O)c1-c1ccccc1,2.640505302325588
983,472992,COc1c(C)cccc1\N=N/c1ccc(F)c(F)c1-c1ccccc1,4.732049342770564
984,97957,COc1cc(-c2ccccc2)ccc1\N=N/c1ccc(C#N)cc1,3.713801577347927
985,480961,COc1cc(\N=N/c2cc(C)ccc2OC)c(-c2ccccc2)cc1C,4.721192024266595
986,853370,Cc1ccc(-c2ccccc2)c(-c2ccccc2)c1\N=N/c1ccc(C#N)c(C(=O)O)c1,0.5796284246712224
987,156562,N#Cc1cccc(\N=N/c2ccc(F)cc2)c1F,2.7001797371091185
988,602228,COc1cccc(\N=N/c2cc(C#N)cc(OC)c2OC)c1F,3.614942835189327
989,431681,COc1cc(C#N)cc(\N=N/c2cc(OC)c(C)cc2F)c1,3.2076981516655634
990,768736,COc1c(C#N)ccc(\N=N/c2cc(-c3ccccc3)ccc2C(=O)O)c1C,0.8870075470143609
991,711734,COc1c(C#N)ccc(\N=N/c2ccc(C(=O)O)c(C(=O)O)c2)c1OC,2.4822170273008792
992,1029428,O=C(O)c1cccc(\N=N/c2c(F)ccc(-c3ccccc3)c2-c2ccccc2)c1F,2.6822474742161795
993,759132,Cc1c(-c2ccccc2)ccc(\N=N/c2cccc(-c3ccccc3)c2C(=O)O)c1F,1.4652481941390967
994,679413,COc1cccc(C(=O)O)c1\N=N/c1cc(-c2ccccc2)cc(C)c1OC,2.6123960040443133
995,1128265,N#Cc1ccc(F)cc1\N=N/c1cccc(-c2ccccc2)c1C(=O)O,3.290747114254721
996,790598,COc1c(C#N)ccc(\N=N/c2cc(C(=O)O)ccc2-c2ccccc2)c1C,2.899856436808992
997,877988,N#Cc1cc(C(=O)O)ccc1\N=N/c1cc(C#N)c(F)c(-c2ccccc2)c1,3.4600831870580033
998,970677,Cc1c(C(=O)O)ccc(\N=N/c2cccc(F)c2C(=O)O)c1F,0.8403673367072997
999,427601,COc1cc(C#N)cc(\N=N/c2cc(OC)c(OC)cc2OC)c1,2.884264347823188
